species	seq_id	cds_nt	codon_tokens	num_codons	gc_content	dominant_reference_coverage	avg_window_heterogeneity	sparse_difference_ratio	has_internal_stop	length_group	terminal_stop_policy	sampling_view	regularity_group	regularity_quartile	regularity_bin_n	regularity_q1	regularity_q3	regularity_is_reportable
scerevisiae	lcl|BK006936.2_cds_DAA07129.1_214	ATGGTATACACTTCAACGTACAGACACACTATCGTTGTTGACCTTTTAGAATATTTGGGTATAGTGTCCAACTTAGAAACTTTACAGAGTGCCCGTGAAGATGAAACAAGAAAACCCGAGAATACCGATAAAAAAGAATGTAAACCCGACTATGATATAGAATGCGGTCCTAATAGATCGTGCTCTGAATCCTCTACCGATTCAGACTCTAGTGGTTCACAGATCGAAAAAAATGATCCTTTCAGGGTGGATTGGAACGGCCCCAGTGATCCTGAGAACCCACAAAACTGGCCCCTACTGAAAAAATCATTGGTAGTATTCCAAATAATGTTACTTACTTGCGTCACGTACATGGGATCCTCCATTTACACACCTGGCCAGGAATATATTCAAGAAGAGTTCCACGTTGGTCATGTAGTGGCAACATTAAATCTTTCTTTATATGTTCTTGGTTATGGTCTAGGTCCCATCATTTTTTCACCGCTATCAGAAACTGCACGCTATGGCCGTCTAAATCTGTACATGGTGACTTTATTTTTTTTCATGATCTTTCAAGTTGGTTGTGCTACTGTGCATAACATCGGCGGTTTAATCGTCATGCGTTTCATCAGTGGCATACTGTGCAGCCCATCGTTGGCCACTGGTGGCGGTACAGTGGCTGATATCATTTCACCAGAAATGGTTCCTCTCGTTTTAGGTATGTGGTCAGCCGGTGCTGTTGCTGCGCCAGTCTTGGCTCCCTTACTAGGCGCTGCTATGGTCGATGCTAAAAATTGGCGATTCATATTTTGGTTATTAATGTGGTTAAGTGCTGCCACTTTTATCTTGTTGGCATTTTTCTTCCCTGAAACACAACACCATAATATTTTGTACCGCCGTGCTTTGAAATTGAGAAAAGAAACTGGTGATGACAGGTACTATACTGAACAGGATAAACTCGATAGAGAAGTTGATGCAAGAACTTTTTTGATCAATACTTTGTATAGGCCTCTCAAAATGATTATCAAAGAGCCTGCAATTTTGGCTTTTGATCTCTATATCGCTGTTGCTTATGGTTGTTTCTACTTATTCTTTGAAGCATTCCCTATTGTATTTGTAGGTATATACCACTTCAGCTTAGTTGAAGTTGGCTTGGCCTATATGGGGTTTTGCGTAGGGTGCGTACTTGCTTATGGCTTATTCGGTATTTTAAACATGAGGATTATTGTACCACGTTTTAGAAACGGCACATTCACCCCGGAAGCTTTTTTAATCGTGGCAATGTGTGTCTGCTGGTGCCTGCCTCTGTCTTTGTTCTTATTTGGTTGGACTGCTCGAGTGCATTGGATTTTGCCAGTTATCTCGGAAGTTTTTTTTGTTTTAGCTGTCTTTAACATTTTCCAAGCAACTTTTGCATATTTGGCTACATGCTACCCAAAGTATGTTGCATCCGTTTTTGCAGGCAATGGTTTTTGTCGGGCTTCGTTTGCCTGTGCTTTTCCGTTGTTTGGTAGAGCAATGTATGACAATTTAGCTACTAAGAACTATCCTGTGGCATGGGGTTCGTCCTTAGTGGGGTTCCTAACTTTAGGTCTAGCTATTATCCCGTTTATACTTTATAAGTATGGGCCATCATTACGTACAAGATCTTCGTACACAGAGGAGTAG	ATG GTA TAC ACT TCA ACG TAC AGA CAC ACT ATC GTT GTT GAC CTT TTA GAA TAT TTG GGT ATA GTG TCC AAC TTA GAA ACT TTA CAG AGT GCC CGT GAA GAT GAA ACA AGA AAA CCC GAG AAT ACC GAT AAA AAA GAA TGT AAA CCC GAC TAT GAT ATA GAA TGC GGT CCT AAT AGA TCG TGC TCT GAA TCC TCT ACC GAT TCA GAC TCT AGT GGT TCA CAG ATC GAA AAA AAT GAT CCT TTC AGG GTG GAT TGG AAC GGC CCC AGT GAT CCT GAG AAC CCA CAA AAC TGG CCC CTA CTG AAA AAA TCA TTG GTA GTA TTC CAA ATA ATG TTA CTT ACT TGC GTC ACG TAC ATG GGA TCC TCC ATT TAC ACA CCT GGC CAG GAA TAT ATT CAA GAA GAG TTC CAC GTT GGT CAT GTA GTG GCA ACA TTA AAT CTT TCT TTA TAT GTT CTT GGT TAT GGT CTA GGT CCC ATC ATT TTT TCA CCG CTA TCA GAA ACT GCA CGC TAT GGC CGT CTA AAT CTG TAC ATG GTG ACT TTA TTT TTT TTC ATG ATC TTT CAA GTT GGT TGT GCT ACT GTG CAT AAC ATC GGC GGT TTA ATC GTC ATG CGT TTC ATC AGT GGC ATA CTG TGC AGC CCA TCG TTG GCC ACT GGT GGC GGT ACA GTG GCT GAT ATC ATT TCA CCA GAA ATG GTT CCT CTC GTT TTA GGT ATG TGG TCA GCC GGT GCT GTT GCT GCG CCA GTC TTG GCT CCC TTA CTA GGC GCT GCT ATG GTC GAT GCT AAA AAT TGG CGA TTC ATA TTT TGG TTA TTA ATG TGG TTA AGT GCT GCC ACT TTT ATC TTG TTG GCA TTT TTC TTC CCT GAA ACA CAA CAC CAT AAT ATT TTG TAC CGC CGT GCT TTG AAA TTG AGA AAA GAA ACT GGT GAT GAC AGG TAC TAT ACT GAA CAG GAT AAA CTC GAT AGA GAA GTT GAT GCA AGA ACT TTT TTG ATC AAT ACT TTG TAT AGG CCT CTC AAA ATG ATT ATC AAA GAG CCT GCA ATT TTG GCT TTT GAT CTC TAT ATC GCT GTT GCT TAT GGT TGT TTC TAC TTA TTC TTT GAA GCA TTC CCT ATT GTA TTT GTA GGT ATA TAC CAC TTC AGC TTA GTT GAA GTT GGC TTG GCC TAT ATG GGG TTT TGC GTA GGG TGC GTA CTT GCT TAT GGC TTA TTC GGT ATT TTA AAC ATG AGG ATT ATT GTA CCA CGT TTT AGA AAC GGC ACA TTC ACC CCG GAA GCT TTT TTA ATC GTG GCA ATG TGT GTC TGC TGG TGC CTG CCT CTG TCT TTG TTC TTA TTT GGT TGG ACT GCT CGA GTG CAT TGG ATT TTG CCA GTT ATC TCG GAA GTT TTT TTT GTT TTA GCT GTC TTT AAC ATT TTC CAA GCA ACT TTT GCA TAT TTG GCT ACA TGC TAC CCA AAG TAT GTT GCA TCC GTT TTT GCA GGC AAT GGT TTT TGT CGG GCT TCG TTT GCC TGT GCT TTT CCG TTG TTT GGT AGA GCA ATG TAT GAC AAT TTA GCT ACT AAG AAC TAT CCT GTG GCA TGG GGT TCG TCC TTA GTG GGG TTC CTA ACT TTA GGT CTA GCT ATT ATC CCG TTT ATA CTT TAT AAG TAT GGG CCA TCA TTA CGT ACA AGA TCT TCG TAC ACA GAG GAG	548	0.412409	0.208333	0.905797	0.166943	false	L4_longer	drop_stop	balanced	mid_regularity	q3	100	0.193889	0.219334	true
scerevisiae	lcl|BK006939.2_cds_DAA07738.1_1613	ATGTTACATAGGATAAACCCAGTACGGTTTTCTATGCAATCTTGCCAAAGATACTTCTCGAAGTTGGTATCGCCATTGGAACAGCATAAAAGTAATACTTTTACTAATAGAGTCAGAATCCCCATTGAGGCAGGCCAACCACTGCATGAGACAAGGCCGTTCCTTATAAAGTCGGGCGAGTTGACACCAGGCATTTCAGCCTTGGAATACTATGAAAGAAGAATTAGGTTGGCGGAAACATTGCCTCCCAAAAGTTGTGTGATTTTAGCTGGTAACGATATCCAATTTGCATCTGGAGCAGTATTTTATCCGTTCCAACAGGAAAATGACCTGTTTTATCTTAGTGGTTGGAATGAACCTAATTCGGTCATGATTTTAGAAAAGCCAACGGATAGTTTAAGTGATACAATTTTCCACATGCTGGTTCCGCCAAAGGATGCGTTTGCTGAAAAGTGGGAAGGATTTAGGTCTGGGGTTTATGGTGTTCAAGAAATTTTCAATGCCGATGAATCTGCTTCCATTAACGATTTGTCTAAATATTTGCCCAAAATAATTAACAGGAATGATTTCATCTATTTTGATATGCTATCAACTTCTAATCCCAGTTCGTCCAATTTTAAACACATCAAGAGCCTGTTAGATGGCAGTGGGAATAGCAATCGATCATTGAATTCCATTGCGAATAAGACCATCAAACCCATCAGTAAAAGAATTGCAGAGTTCCGTAAGATCAAGTCCCCTCAAGAGTTGAGAATTATGAGGAGAGCTGGCCAAATATCAGGAAGATCGTTCAATCAAGCCTTTGCTAAAAGATTTAGGAATGAGAGAACTTTAGATTCCTTTCTTCATTACAAGTTTATATCCGGTGGTTGCGATAAGGACGCATATATCCCCGTGGTCGCTACTGGTTCGAATTCTTTGTGTATCCATTACACAAGAAACGATGATGTGATGTTTGACGACGAAATGGTTCTTGTAGACGCTGCTGGCTCCTTGGGTGGTTATTGTGCTGATATTTCGAGAACGTGGCCCAATAGTGGGAAATTCACTGATGCACAAAGAGATCTCTACGAAGCTGTATTAAATGTTCAGCGTGATTGCATTAAGTTATGTAAAGCTAGCAATAACTATTCCCTCCACGACATCCATGAAAAGAGTATCACACTCATGAAACAGGAATTGAAAAACTTGGGCATAGATAAAGTCTCCGGTTGGAATGTTGAAAAATTGTATCCGCACTATATTGGACACAATTTAGGTCTAGATGTTCACGATGTGCCTAAAGTTTCCAGGTACGAACCATTAAAGGTTGGACAAGTTATTACTATTGAACCGGGTTTATATATTCCTAACGAGGAATCATTTCCATCTTACTTTAGAAACGTCGGAATAAGAATTGAAGATGACATAGCCATTGGTGAAGATACTTACACTAATTTAACTGTTGAAGCAGTGAAAGAAATTGACGATTTAGAAAATGTCATGCAAAATGGCTTATCTACAAAATTCGAGGAGGACCAAGTGGCACCACTGTAA	ATG TTA CAT AGG ATA AAC CCA GTA CGG TTT TCT ATG CAA TCT TGC CAA AGA TAC TTC TCG AAG TTG GTA TCG CCA TTG GAA CAG CAT AAA AGT AAT ACT TTT ACT AAT AGA GTC AGA ATC CCC ATT GAG GCA GGC CAA CCA CTG CAT GAG ACA AGG CCG TTC CTT ATA AAG TCG GGC GAG TTG ACA CCA GGC ATT TCA GCC TTG GAA TAC TAT GAA AGA AGA ATT AGG TTG GCG GAA ACA TTG CCT CCC AAA AGT TGT GTG ATT TTA GCT GGT AAC GAT ATC CAA TTT GCA TCT GGA GCA GTA TTT TAT CCG TTC CAA CAG GAA AAT GAC CTG TTT TAT CTT AGT GGT TGG AAT GAA CCT AAT TCG GTC ATG ATT TTA GAA AAG CCA ACG GAT AGT TTA AGT GAT ACA ATT TTC CAC ATG CTG GTT CCG CCA AAG GAT GCG TTT GCT GAA AAG TGG GAA GGA TTT AGG TCT GGG GTT TAT GGT GTT CAA GAA ATT TTC AAT GCC GAT GAA TCT GCT TCC ATT AAC GAT TTG TCT AAA TAT TTG CCC AAA ATA ATT AAC AGG AAT GAT TTC ATC TAT TTT GAT ATG CTA TCA ACT TCT AAT CCC AGT TCG TCC AAT TTT AAA CAC ATC AAG AGC CTG TTA GAT GGC AGT GGG AAT AGC AAT CGA TCA TTG AAT TCC ATT GCG AAT AAG ACC ATC AAA CCC ATC AGT AAA AGA ATT GCA GAG TTC CGT AAG ATC AAG TCC CCT CAA GAG TTG AGA ATT ATG AGG AGA GCT GGC CAA ATA TCA GGA AGA TCG TTC AAT CAA GCC TTT GCT AAA AGA TTT AGG AAT GAG AGA ACT TTA GAT TCC TTT CTT CAT TAC AAG TTT ATA TCC GGT GGT TGC GAT AAG GAC GCA TAT ATC CCC GTG GTC GCT ACT GGT TCG AAT TCT TTG TGT ATC CAT TAC ACA AGA AAC GAT GAT GTG ATG TTT GAC GAC GAA ATG GTT CTT GTA GAC GCT GCT GGC TCC TTG GGT GGT TAT TGT GCT GAT ATT TCG AGA ACG TGG CCC AAT AGT GGG AAA TTC ACT GAT GCA CAA AGA GAT CTC TAC GAA GCT GTA TTA AAT GTT CAG CGT GAT TGC ATT AAG TTA TGT AAA GCT AGC AAT AAC TAT TCC CTC CAC GAC ATC CAT GAA AAG AGT ATC ACA CTC ATG AAA CAG GAA TTG AAA AAC TTG GGC ATA GAT AAA GTC TCC GGT TGG AAT GTT GAA AAA TTG TAT CCG CAC TAT ATT GGA CAC AAT TTA GGT CTA GAT GTT CAC GAT GTG CCT AAA GTT TCC AGG TAC GAA CCA TTA AAG GTT GGA CAA GTT ATT ACT ATT GAA CCG GGT TTA TAT ATT CCT AAC GAG GAA TCA TTT CCA TCT TAC TTT AGA AAC GTC GGA ATA AGA ATT GAA GAT GAC ATA GCC ATT GGT GAA GAT ACT TAC ACT AAT TTA ACT GTT GAA GCA GTG AAA GAA ATT GAC GAT TTA GAA AAT GTC ATG CAA AAT GGC TTA TCT ACA AAA TTC GAG GAG GAC CAA GTG GCA CCA CTG	511	0.392694	0.181920	0.935547	0.153646	false	L4_longer	drop_stop	balanced	low_regularity	q1	100	0.193889	0.219334	true
scerevisiae	lcl|BK006939.2_cds_DAA07617.1_1487	ATGAAGTATAATAACAGAAAACTCTCGTTCAACCCTACCACAGTAAGTATCGCTGGAACGTTGCTTACGGTGTTCTTTCTCACAAGACTCGTGCTTTCGTTCTTCTCGATATCGCTATTCCAGCTGGTAACTTTCCAAGGAATCTTCAAGCCCTATGTTCCAGATTTTAAAAATACTCCCAGCGTAGAGTTCTACGACCTACGAAATTACCAAGGCAACAAAGATGGTTGGCAACAGGGTGACCGCATCTTGTTTTGCGTGCCACTGAGAGATGCTTCTGAGCATCTTCCCATGTTTTTTAACCATCTGAATACCATGACATATCCGCACAACCTGATTGATCTGTCGTTTTTGGTGAGTGACTCTTCGGATAACACCATGGGCGTGTTACTATCCAATCTACAGATGGCGCAATCGCAACAAGACAAGTCCAAAAGGTTTGGTAACATCGAAATCTATGAGAAGGACTTCGGCCAAATCATTGGTCAGTCCTTTTCTGATCGTCACGGGTTTGGCGCCCAGGGCCCCAGAAGAAAGCTGATGGCCAGGGCTCGTAATTGGCTTGGGTCCGTGGCCCTGAAACCATACCACTCCTGGGTTTACTGGAGAGACGTGGATGTCGAAACCATCCCCACTACCATCATGGAGGATCTAATGCATCACGACAAGGACGTCATTGTCCCCAACGTCTGGAGACCTTTACCAGACTGGCTGGGAAACATTCAACCCTACGATTTAAATTCATGGAAGGAATCAGAAGGGGGTCTTCAATTGGCGGATTCCCTAGACGAAGATGCTGTCATTGTGGAAGGGTACCCAGAGTACGCCACTTGGAGACCTCACCTGGCATACATGAGAGACCCAAACGGTAATCCAGAAGACGAAATGGAATTGGACGGTATTGGAGGGGTCTCGATTCTCGCGAAAGCTAAAGTATTCAGAACAGGCTCACACTTTCCTGCATTCTCCTTTGAAAAGCACGCAGAGACAGAAGCATTCGGTAGGCTCTCCCGCAGGATGAATTACAATGTCATCGGCTTGCCCCATTATGTCATCTGGCACATCTACGAACCTTCCAGCGACGACTTAAAGCACATGGCTTGGATGGCTGAAGAGGAGAAGCGGAAACTAGAAGAAGAGAGAATTCGCGAATTTTACAACAAGATCTGGGAGATTGGATTTGAAGATGTCAGAGACCAATGGAACGAAGAAAGAGATTCAATCTTAAAAAACATTGACTCCACTTTGAACAATAAAGTCACTGTAGACTGGTCTGAAGAGGGAGATGGCTCGGAGCTGGTGGACTCAAAGGGTGACTTTGTCTCACCAAACAACCAACAACAACAACAACAGCAACAACAACAACAACAGCAGCAGCAGCAACAGCAACAGCAACAACAGCTCGACGGCAACCCGCAGGGGAAACCTCTTGATGACAACGACAAGAACAAGAAAAAACATCCTAAAGAAGTTCCATTAGACTTCGACCCTGATAGAAACTAG	ATG AAG TAT AAT AAC AGA AAA CTC TCG TTC AAC CCT ACC ACA GTA AGT ATC GCT GGA ACG TTG CTT ACG GTG TTC TTT CTC ACA AGA CTC GTG CTT TCG TTC TTC TCG ATA TCG CTA TTC CAG CTG GTA ACT TTC CAA GGA ATC TTC AAG CCC TAT GTT CCA GAT TTT AAA AAT ACT CCC AGC GTA GAG TTC TAC GAC CTA CGA AAT TAC CAA GGC AAC AAA GAT GGT TGG CAA CAG GGT GAC CGC ATC TTG TTT TGC GTG CCA CTG AGA GAT GCT TCT GAG CAT CTT CCC ATG TTT TTT AAC CAT CTG AAT ACC ATG ACA TAT CCG CAC AAC CTG ATT GAT CTG TCG TTT TTG GTG AGT GAC TCT TCG GAT AAC ACC ATG GGC GTG TTA CTA TCC AAT CTA CAG ATG GCG CAA TCG CAA CAA GAC AAG TCC AAA AGG TTT GGT AAC ATC GAA ATC TAT GAG AAG GAC TTC GGC CAA ATC ATT GGT CAG TCC TTT TCT GAT CGT CAC GGG TTT GGC GCC CAG GGC CCC AGA AGA AAG CTG ATG GCC AGG GCT CGT AAT TGG CTT GGG TCC GTG GCC CTG AAA CCA TAC CAC TCC TGG GTT TAC TGG AGA GAC GTG GAT GTC GAA ACC ATC CCC ACT ACC ATC ATG GAG GAT CTA ATG CAT CAC GAC AAG GAC GTC ATT GTC CCC AAC GTC TGG AGA CCT TTA CCA GAC TGG CTG GGA AAC ATT CAA CCC TAC GAT TTA AAT TCA TGG AAG GAA TCA GAA GGG GGT CTT CAA TTG GCG GAT TCC CTA GAC GAA GAT GCT GTC ATT GTG GAA GGG TAC CCA GAG TAC GCC ACT TGG AGA CCT CAC CTG GCA TAC ATG AGA GAC CCA AAC GGT AAT CCA GAA GAC GAA ATG GAA TTG GAC GGT ATT GGA GGG GTC TCG ATT CTC GCG AAA GCT AAA GTA TTC AGA ACA GGC TCA CAC TTT CCT GCA TTC TCC TTT GAA AAG CAC GCA GAG ACA GAA GCA TTC GGT AGG CTC TCC CGC AGG ATG AAT TAC AAT GTC ATC GGC TTG CCC CAT TAT GTC ATC TGG CAC ATC TAC GAA CCT TCC AGC GAC GAC TTA AAG CAC ATG GCT TGG ATG GCT GAA GAG GAG AAG CGG AAA CTA GAA GAA GAG AGA ATT CGC GAA TTT TAC AAC AAG ATC TGG GAG ATT GGA TTT GAA GAT GTC AGA GAC CAA TGG AAC GAA GAA AGA GAT TCA ATC TTA AAA AAC ATT GAC TCC ACT TTG AAC AAT AAA GTC ACT GTA GAC TGG TCT GAA GAG GGA GAT GGC TCG GAG CTG GTG GAC TCA AAG GGT GAC TTT GTC TCA CCA AAC AAC CAA CAA CAA CAA CAA CAG CAA CAA CAA CAA CAA CAG CAG CAG CAG CAA CAG CAA CAG CAA CAA CAG CTC GAC GGC AAC CCG CAG GGG AAA CCT CTT GAT GAC AAC GAC AAG AAC AAG AAA AAA CAT CCT AAA GAA GTT CCA TTA GAC TTC GAC CCT GAT AGA AAC	500	0.466000	0.218254	0.896825	0.185110	false	L4_longer	drop_stop	balanced	mid_regularity	q3	100	0.193889	0.219334	true
scerevisiae	lcl|BK006948.2_cds_DAA10671.1_5044	ATGATAATGTCATCAACTATGTCGACAGAAGCCGCCTTGGTACCGAACGAAAGTGTTTTTGACACAGTTTCGTCATTCAACGAAGACGATGCCAATTATAGCGTTCTTGATTTATACGATGACGACGATGAAGGGGATGATAGTTCTACAGTAGAACGAAAAGAAATATTGACAACACGTGAGCTTGAAAAAGCAAAGGCGTTTACCAGCTTAATCATGGCAGATCCTGAGAATTTTGATAGATATGGATTTAGCAAGAAAGGATATTTCATTAGTCAGGAAGAATACGACAAATGGTGGACAGAATATAATAGATACACCGAAAGAAGAAAAAAAAAGTGGGAGAACTTTCTTCTTAAGAATAAGATTGAGCTCCACAATGATAATCCTCTAGTATATCCTGCAAGGACAGATGAATTGTCAAAATTTGTTAGAAAAGGTATACCAGCAGAATGGAGAGGGAATGCCTGGTGGTATTTTGCTGGTGGACAACGACAATTAGACGCAAATGTTGGCGTTTATGATAGACTGAAAAGTGACTGTCGCGAGGGTGCCGTATCTGGTAAAGATATGGAAGCTATAGAACGGGATCTTTATCGAACGTTTCCCGATAATATACATTTCCATAAGGAGTCCTTCCAAAATGGAGAGCCGGCGATCATCCGATCATTGCGTCGAGTATTAATGGCCTTTTCTGTTTATGACAAGACTATTGGATACTGCCAATCGATGAATTTTCTCGTTGGATTGCTATTATTGTTCATGGAAGAAGAGAAAGCATTTTGGATGCTGGTTATTATTACCGGTAAGTATTTACCTGGCGTGTATGAATCAGACTTAGAGGGTGCGAACGTGGATCAAGGGGTGTTGGTGTTATGTATCAAGGAATATTTACCCGAGATATGGTCACACATTGAGTCATCGTATATGAATGGCAATGGCAGCACTGACCAGATATCAGGGCCAGCATCGGGGGAAGAATATCTCTGCAGGCTGCCTACGCTGACGCTGTGTACGGCAAGTTGGTTTATGAGCTGTTTTGTGGGCGTGGTGCCCATCGAAACGACCCTGAGAATATGGGACTGTTTATTCTATGAAGAGTCTCATTTTTTATTTAAAGTGGCTTTGGGGATACTGAAATTGAGCGAAAGCGAGTTTTTGGAGAGTAAAAGCCAGAAACTGTTTAGACAGTACTCTTCGTACACCTTCGGTGGTAGTAATGACTCTGATTCAACTTTCAAAAGATTAAAGAACAAGATTAAGACGCAGGAAGAGGCAGATATGGAGATTTTGCAAGTGATTCAAAATTTCCCAAAAAGATTGCTCAATCCGAATGATATCTTTGAGAAAGTCCTGATGAAGAAGAAGGTTGCGTTGAATGGTATTACCCAGGAAAAGATTGATCGCGGTAGAGAGTATGTGGCGATGGCGAGAAATAGACAAAGGGCGAGTAGCCGCCCAAAGGAAAGAAGAAAATAG	ATG ATA ATG TCA TCA ACT ATG TCG ACA GAA GCC GCC TTG GTA CCG AAC GAA AGT GTT TTT GAC ACA GTT TCG TCA TTC AAC GAA GAC GAT GCC AAT TAT AGC GTT CTT GAT TTA TAC GAT GAC GAC GAT GAA GGG GAT GAT AGT TCT ACA GTA GAA CGA AAA GAA ATA TTG ACA ACA CGT GAG CTT GAA AAA GCA AAG GCG TTT ACC AGC TTA ATC ATG GCA GAT CCT GAG AAT TTT GAT AGA TAT GGA TTT AGC AAG AAA GGA TAT TTC ATT AGT CAG GAA GAA TAC GAC AAA TGG TGG ACA GAA TAT AAT AGA TAC ACC GAA AGA AGA AAA AAA AAG TGG GAG AAC TTT CTT CTT AAG AAT AAG ATT GAG CTC CAC AAT GAT AAT CCT CTA GTA TAT CCT GCA AGG ACA GAT GAA TTG TCA AAA TTT GTT AGA AAA GGT ATA CCA GCA GAA TGG AGA GGG AAT GCC TGG TGG TAT TTT GCT GGT GGA CAA CGA CAA TTA GAC GCA AAT GTT GGC GTT TAT GAT AGA CTG AAA AGT GAC TGT CGC GAG GGT GCC GTA TCT GGT AAA GAT ATG GAA GCT ATA GAA CGG GAT CTT TAT CGA ACG TTT CCC GAT AAT ATA CAT TTC CAT AAG GAG TCC TTC CAA AAT GGA GAG CCG GCG ATC ATC CGA TCA TTG CGT CGA GTA TTA ATG GCC TTT TCT GTT TAT GAC AAG ACT ATT GGA TAC TGC CAA TCG ATG AAT TTT CTC GTT GGA TTG CTA TTA TTG TTC ATG GAA GAA GAG AAA GCA TTT TGG ATG CTG GTT ATT ATT ACC GGT AAG TAT TTA CCT GGC GTG TAT GAA TCA GAC TTA GAG GGT GCG AAC GTG GAT CAA GGG GTG TTG GTG TTA TGT ATC AAG GAA TAT TTA CCC GAG ATA TGG TCA CAC ATT GAG TCA TCG TAT ATG AAT GGC AAT GGC AGC ACT GAC CAG ATA TCA GGG CCA GCA TCG GGG GAA GAA TAT CTC TGC AGG CTG CCT ACG CTG ACG CTG TGT ACG GCA AGT TGG TTT ATG AGC TGT TTT GTG GGC GTG GTG CCC ATC GAA ACG ACC CTG AGA ATA TGG GAC TGT TTA TTC TAT GAA GAG TCT CAT TTT TTA TTT AAA GTG GCT TTG GGG ATA CTG AAA TTG AGC GAA AGC GAG TTT TTG GAG AGT AAA AGC CAG AAA CTG TTT AGA CAG TAC TCT TCG TAC ACC TTC GGT GGT AGT AAT GAC TCT GAT TCA ACT TTC AAA AGA TTA AAG AAC AAG ATT AAG ACG CAG GAA GAG GCA GAT ATG GAG ATT TTG CAA GTG ATT CAA AAT TTC CCA AAA AGA TTG CTC AAT CCG AAT GAT ATC TTT GAG AAA GTC CTG ATG AAG AAG AAG GTT GCG TTG AAT GGT ATT ACC CAG GAA AAG ATT GAT CGC GGT AGA GAG TAT GTG GCG ATG GCG AGA AAT AGA CAA AGG GCG AGT AGC CGC CCA AAG GAA AGA AGA AAA	492	0.409892	0.211694	0.901210	0.196544	false	L4_longer	drop_stop	balanced	mid_regularity	q3	100	0.193889	0.219334	true
scerevisiae	lcl|BK006947.3_cds_DAA10425.1_4792	ATGAGCGATGACTTGTTTTCTAAGGCTTTGGAGAATCCCGACCAGGACTTGAACGTGGAATTGCCCAAGGATGATGTTGATTTAGGTCTTTTAGGTGATGGTGGGAACGAGAGGAAGACCGATGAACCGGTAGCAGACGCAGAAAGATCAACAGGCCTAGGATCCGGCTCTTCTGAATCCGAATCAGATTCCGGTTCTGATTCTGATTCTGATTCTGGCTCTTCAGGTAGTGAGGATGATTCTGCAGATCAGGACGTTGAAGGAGAGGACGAAGGTGGTGACGCGATTGAAAATGAAGACGAAGACGAAGACCCTTCACCTTCCGGTCCTATACTATCGAAGAACGAAATACTAGAGGAAACTGTTCCTGAACTACCGGAAGATTATGAAATTTCAGAAAAAACGATCATCACTCCTATTGGTGTTTTGAAGTCTGCATTTGAAAATAATATAATCATTCACGCCACGATGTCGGGCGAAAAGCGTGTTTTAAAAGAGGGTTCCATTTTCTGTCTCGAGGATAGAACTTTGATCGGGATGTTGACGGAGGTGTTTGGACCCTTGCAAAACCCATTTTATAGAATTAAGTTGCCCGATTCAAAAAAAAACTTATTCGATGAATTAAAAGTGCGTTTGGGTGAGAAAGCCTTTATAGTCACCCCTGATGCCCACTGGATAGATACTTTCGAGTTAAAGCGCAACAAAGGTACTGATGCGTCTAATGGGTACGATGAAGAATTACCTGAAGAGGAACAAGAATTTTCCGACGACGAAAAAGAGGCCCTTTTCAAGAAAATGAAGAAACAGCAACGGCAACGAAAGAAAAGGGACAACCGCAAACTAGCCAACGATAGTGACAATGTCAAGGTAAAGAGAGCTCGGCAGCCCAAGGCCAACAGTTTACCTAAACTGGTACCGCCGTTGGGCATGAGCAGTAATGCTCCGATGCAACATGGGTACAAATCAAGAAACGCACGTGAAAATATCAAGCGTGAATCCAGTGCTACCTCTAATCGGAATGGCTCCTCCCCAGTGCCAATCACACAGCACCACCAACAACAGTTTTCTGCAAATAATTATCCCTTCCCTCAACAACCAAACGGTATGCCTTATCCACCATACTCACCTTTCCCTCAGCCGACTAACTTCCAGTATCCACCTCCACCATTTGGGCAGGCGACACCGGCCCAATTCTCCAACACTGTTCCATATGGTAGCTTACCTCCCGCATACAACAATATGTCGCCGCCAACACAGCAGTCGTTCATGCCAATGACCCAAAGTCAACCGCCACTTCCATATGGCGTACCTCCCATGAATCAAATGCAAAACCCAATGTACATCCAACCGCCACCTCAAGCACCTCCTCAGGGAAATGGTAATTTCCAACAAGTAATGGAATTACATCAAATACTTTTGCAGCAACAGCAACAGCAACACCAGTATCAGCATCAGCATCAGCAAGATCCAAGAACCTAG	ATG AGC GAT GAC TTG TTT TCT AAG GCT TTG GAG AAT CCC GAC CAG GAC TTG AAC GTG GAA TTG CCC AAG GAT GAT GTT GAT TTA GGT CTT TTA GGT GAT GGT GGG AAC GAG AGG AAG ACC GAT GAA CCG GTA GCA GAC GCA GAA AGA TCA ACA GGC CTA GGA TCC GGC TCT TCT GAA TCC GAA TCA GAT TCC GGT TCT GAT TCT GAT TCT GAT TCT GGC TCT TCA GGT AGT GAG GAT GAT TCT GCA GAT CAG GAC GTT GAA GGA GAG GAC GAA GGT GGT GAC GCG ATT GAA AAT GAA GAC GAA GAC GAA GAC CCT TCA CCT TCC GGT CCT ATA CTA TCG AAG AAC GAA ATA CTA GAG GAA ACT GTT CCT GAA CTA CCG GAA GAT TAT GAA ATT TCA GAA AAA ACG ATC ATC ACT CCT ATT GGT GTT TTG AAG TCT GCA TTT GAA AAT AAT ATA ATC ATT CAC GCC ACG ATG TCG GGC GAA AAG CGT GTT TTA AAA GAG GGT TCC ATT TTC TGT CTC GAG GAT AGA ACT TTG ATC GGG ATG TTG ACG GAG GTG TTT GGA CCC TTG CAA AAC CCA TTT TAT AGA ATT AAG TTG CCC GAT TCA AAA AAA AAC TTA TTC GAT GAA TTA AAA GTG CGT TTG GGT GAG AAA GCC TTT ATA GTC ACC CCT GAT GCC CAC TGG ATA GAT ACT TTC GAG TTA AAG CGC AAC AAA GGT ACT GAT GCG TCT AAT GGG TAC GAT GAA GAA TTA CCT GAA GAG GAA CAA GAA TTT TCC GAC GAC GAA AAA GAG GCC CTT TTC AAG AAA ATG AAG AAA CAG CAA CGG CAA CGA AAG AAA AGG GAC AAC CGC AAA CTA GCC AAC GAT AGT GAC AAT GTC AAG GTA AAG AGA GCT CGG CAG CCC AAG GCC AAC AGT TTA CCT AAA CTG GTA CCG CCG TTG GGC ATG AGC AGT AAT GCT CCG ATG CAA CAT GGG TAC AAA TCA AGA AAC GCA CGT GAA AAT ATC AAG CGT GAA TCC AGT GCT ACC TCT AAT CGG AAT GGC TCC TCC CCA GTG CCA ATC ACA CAG CAC CAC CAA CAA CAG TTT TCT GCA AAT AAT TAT CCC TTC CCT CAA CAA CCA AAC GGT ATG CCT TAT CCA CCA TAC TCA CCT TTC CCT CAG CCG ACT AAC TTC CAG TAT CCA CCT CCA CCA TTT GGG CAG GCG ACA CCG GCC CAA TTC TCC AAC ACT GTT CCA TAT GGT AGC TTA CCT CCC GCA TAC AAC AAT ATG TCG CCG CCA ACA CAG CAG TCG TTC ATG CCA ATG ACC CAA AGT CAA CCG CCA CTT CCA TAT GGC GTA CCT CCC ATG AAT CAA ATG CAA AAC CCA ATG TAC ATC CAA CCG CCA CCT CAA GCA CCT CCT CAG GGA AAT GGT AAT TTC CAA CAA GTA ATG GAA TTA CAT CAA ATA CTT TTG CAG CAA CAG CAA CAG CAA CAC CAG TAT CAG CAT CAG CAT CAG CAA GAT CCA AGA ACC	492	0.454607	0.227823	0.854839	0.231183	false	L4_longer	drop_stop	balanced	high_regularity	q4	100	0.193889	0.219334	true
scerevisiae	lcl|BK006936.2_cds_DAA07407.1_500	ATGAGTATTTCAAATTGGATCACCACTGCGTATTTAATTACATCAACATCTTTTCAACCTCTTTATGGGTCATTTTCTGATGCACTTGGTCGAAGAAACTGCCTTTTCTTTGCTAATGGGGCTTTTACCATTGGATGTCTAGCCTGTGGTTTCTCGAAAAACATCTACATGCTTAGTTTTATGAGAGCATTGACAGGCATAGGAGGTGGTGGCTTGATCACACTTTCTACAATCGTAAATTCAGACGTTATTCCAAGTTCGAAAAGAGGAATTTTTCAAGCGTTTCAGAATTTACTTTTGGGATTTGGTGCCATATGTGGAGCGTCTTTCGGTGGCACAATAGCGTCGAGCATTGGTTGGAGGTGGTGTTTTCTCATCCAAGTACCCATATCTGTGATTAGTTCCATATTAATGAATTATTATGTACCTAATCAGAAAGAATATAATCGTCAAAATTCTAGCATATTCCAAAATCCCGGAAAAATACTCAGGGACATAGATGTTATGGGCTCAATTCTTATTATAACTGGTCTCACACTACAGCTTCTTTACCTGAGCCTGGGGTGTTCTACTTCTAAATTATCATGGACCAGCCCTTCTGTGCTACTGCTATTAGTTGGGAGTGTAATAATCCTCTTACTGTTCATATTGCACGAAAGGAAAACAAGTGCTAGAGCGATTATTCCTATGGAGCTGGTCAATTCCTCCTACAGTGTCGTTGTACTTTCGATAAGTATACTTGTTGGTTTTGCCAGCTACGCGTATCTTTTTACTTTACCATTATTCTTTCAGATTGTACTTGGAGATTCCACTGCAAAAGCAGGATTACGTCTTACGATTCCTTCCCTATTTACTCCGGTAGGCAGTCTCATAACAGGATTTTCCATGAGCAAGTACAACTGTCTAAGATTATTACTCTACATTGGTATTTCTTTGATGTTTTTGGGTAACTTTTTATTCCTGTTTATTGAAAAAACTTCTCCGAACTGGTTGATTGGTCTATTTTTGATACCTGCAAATCTAGGACAAGGTATCACTTTTCCTACGACCTTGTTTACTTTCATATTTATGTTCTCTAAGAGTGACCAAGCTACTGCGACATCAACTTTATATTTATTCCGTAGTATTGGATCTGTATGGGGTGTTGCAATTTCAGCTGGCGTCATTCAATTATCTTTCGCAGGTTTATTGCGTAGTAATTTGAAAGGTCTACTGGATGAAAACAAGATAAAGAAACTTATTGTTCAGCTTAGTGCAAACTCCTCATATATTGGATCTTTACATGGCGAAGTTAAAAACACAGTCATAAAGAGTTTTGATGAGGCAACAAAGAGGGCTCATCTAATGTCTACATTACTCTCTTCATTGGCCCTGATACTCTGCATCCTTAAAGACAATCTGGCGAAACCTAAAACAAGAAGATAA	ATG AGT ATT TCA AAT TGG ATC ACC ACT GCG TAT TTA ATT ACA TCA ACA TCT TTT CAA CCT CTT TAT GGG TCA TTT TCT GAT GCA CTT GGT CGA AGA AAC TGC CTT TTC TTT GCT AAT GGG GCT TTT ACC ATT GGA TGT CTA GCC TGT GGT TTC TCG AAA AAC ATC TAC ATG CTT AGT TTT ATG AGA GCA TTG ACA GGC ATA GGA GGT GGT GGC TTG ATC ACA CTT TCT ACA ATC GTA AAT TCA GAC GTT ATT CCA AGT TCG AAA AGA GGA ATT TTT CAA GCG TTT CAG AAT TTA CTT TTG GGA TTT GGT GCC ATA TGT GGA GCG TCT TTC GGT GGC ACA ATA GCG TCG AGC ATT GGT TGG AGG TGG TGT TTT CTC ATC CAA GTA CCC ATA TCT GTG ATT AGT TCC ATA TTA ATG AAT TAT TAT GTA CCT AAT CAG AAA GAA TAT AAT CGT CAA AAT TCT AGC ATA TTC CAA AAT CCC GGA AAA ATA CTC AGG GAC ATA GAT GTT ATG GGC TCA ATT CTT ATT ATA ACT GGT CTC ACA CTA CAG CTT CTT TAC CTG AGC CTG GGG TGT TCT ACT TCT AAA TTA TCA TGG ACC AGC CCT TCT GTG CTA CTG CTA TTA GTT GGG AGT GTA ATA ATC CTC TTA CTG TTC ATA TTG CAC GAA AGG AAA ACA AGT GCT AGA GCG ATT ATT CCT ATG GAG CTG GTC AAT TCC TCC TAC AGT GTC GTT GTA CTT TCG ATA AGT ATA CTT GTT GGT TTT GCC AGC TAC GCG TAT CTT TTT ACT TTA CCA TTA TTC TTT CAG ATT GTA CTT GGA GAT TCC ACT GCA AAA GCA GGA TTA CGT CTT ACG ATT CCT TCC CTA TTT ACT CCG GTA GGC AGT CTC ATA ACA GGA TTT TCC ATG AGC AAG TAC AAC TGT CTA AGA TTA TTA CTC TAC ATT GGT ATT TCT TTG ATG TTT TTG GGT AAC TTT TTA TTC CTG TTT ATT GAA AAA ACT TCT CCG AAC TGG TTG ATT GGT CTA TTT TTG ATA CCT GCA AAT CTA GGA CAA GGT ATC ACT TTT CCT ACG ACC TTG TTT ACT TTC ATA TTT ATG TTC TCT AAG AGT GAC CAA GCT ACT GCG ACA TCA ACT TTA TAT TTA TTC CGT AGT ATT GGA TCT GTA TGG GGT GTT GCA ATT TCA GCT GGC GTC ATT CAA TTA TCT TTC GCA GGT TTA TTG CGT AGT AAT TTG AAA GGT CTA CTG GAT GAA AAC AAG ATA AAG AAA CTT ATT GTT CAG CTT AGT GCA AAC TCC TCA TAT ATT GGA TCT TTA CAT GGC GAA GTT AAA AAC ACA GTC ATA AAG AGT TTT GAT GAG GCA ACA AAG AGG GCT CAT CTA ATG TCT ACA TTA CTC TCT TCA TTG GCC CTG ATA CTC TGC ATC CTT AAA GAC AAT CTG GCG AAA CCT AAA ACA AGA AGA	474	0.379747	0.195833	0.920833	0.186111	false	L4_longer	drop_stop	balanced	mid_regularity	q2	100	0.193889	0.219334	true
scerevisiae	lcl|BK006936.2_cds_DAA07214.1_302	ATGTTTAAATCTGTTGTTTATTCAATTTTAGCCGCTTCTTTGGCCAATGCAGGTACCATTCCCTTAGGCAAACTAGCCGATGTCGACAAGATTGGTACCCAAAAAGATATCTTCCCATTTTTGGGTGGTGCCGGACCATACTACTCTTTCCCTGGCGACTATGGTATTTCTCGTGATTTGCCTGAAGGTTGTGAAATGAAGCAACTGCAAATGGTTGGTAGACATGGTGAAAGATACCCTACTGTCAGTCTGGCTAAGACTATCAAGAGTACATGGTATAAGTTGAGCAATTACACTCGTCAATTCAACGGCTCATTGTCATTCTTGAACGATGATTACGAGTTTTTCATCCGTGATGACGATGATTTGGAAATGGAAACCACTTTTGCCAACTCGGACGATGTTTTGAACCCATACACTGGTGAAATGAACGCCAAGAGACATGCTCGTGACTTCTTGGCTCAATACGGTTACATGGTCGAAAACCAAACCAGTTTCGCCGTTTTTACCTCTAATTCTAAGAGATGTCATGACACTGCTCAATATTTCATTGATGGTTTAGGTGACCAATTCAACATCACCTTGCAGACTGTCAGTGAAGCTGAATCCGCTGGTGCCAACACTTTGAGTGCTTGTAACTCATGTCCTGCTTGGGACTACGATGCCAATGATGACATTGTAAATGAATACGACACAACCTACTTGGATGACATTGCCAAGAGATTGAACAAGGAAAACAAGGGTTTGAACTTGACCTCAACTGACGCTAGTACTTTATTCTCGTGGTGTGCATTTGAAGTGAACGCTAAAGGTTACAGTGATGTCTGTGATATTTTCACCAAGGATGAATTAGTCCATTACTCCTACTACCAAGACTTGCACACTTATTACCATGAGGGTCCAGGTTACGACATTATCAAGTCTGTCGGTTCCAACTTGTTCAATGCCTCAGTCAAATTATTAAAGCAAAGTGAGATTCAAGACCAAAAGGTTTGGTTGAGTTTTACCCACGATACCGATATCCTAAACTTTTTGACCACCGCTGGTATAATTGACGACAAAAACAACTTAACTGCCGAATACGTTCCATTCATGGGCAACACTTTCCACAGATCCTGGTACGTTCCTCAAGGTGCTCGTGTCTACACCGAAAAATTCCAATGTTCTAACGACACCTACGTCAGATACGTCATTAACGATGCTGTTGTTCCAATTGAAACCTGTTCCACTGGTCCAGGGTTCTCTTGTGAAATCAATGACTTCTACGACTATGCTGAAAAGAGAGTAGCCGGTACTGACTTCCTAAAGGTCTGTAACGTCAGCAGCGTCAGTAACTCTACTGAATTGACCTTCTACTGGGACTGGAACACTACTCATTACAACGCCAGTCTATTGAGACAATAG	ATG TTT AAA TCT GTT GTT TAT TCA ATT TTA GCC GCT TCT TTG GCC AAT GCA GGT ACC ATT CCC TTA GGC AAA CTA GCC GAT GTC GAC AAG ATT GGT ACC CAA AAA GAT ATC TTC CCA TTT TTG GGT GGT GCC GGA CCA TAC TAC TCT TTC CCT GGC GAC TAT GGT ATT TCT CGT GAT TTG CCT GAA GGT TGT GAA ATG AAG CAA CTG CAA ATG GTT GGT AGA CAT GGT GAA AGA TAC CCT ACT GTC AGT CTG GCT AAG ACT ATC AAG AGT ACA TGG TAT AAG TTG AGC AAT TAC ACT CGT CAA TTC AAC GGC TCA TTG TCA TTC TTG AAC GAT GAT TAC GAG TTT TTC ATC CGT GAT GAC GAT GAT TTG GAA ATG GAA ACC ACT TTT GCC AAC TCG GAC GAT GTT TTG AAC CCA TAC ACT GGT GAA ATG AAC GCC AAG AGA CAT GCT CGT GAC TTC TTG GCT CAA TAC GGT TAC ATG GTC GAA AAC CAA ACC AGT TTC GCC GTT TTT ACC TCT AAT TCT AAG AGA TGT CAT GAC ACT GCT CAA TAT TTC ATT GAT GGT TTA GGT GAC CAA TTC AAC ATC ACC TTG CAG ACT GTC AGT GAA GCT GAA TCC GCT GGT GCC AAC ACT TTG AGT GCT TGT AAC TCA TGT CCT GCT TGG GAC TAC GAT GCC AAT GAT GAC ATT GTA AAT GAA TAC GAC ACA ACC TAC TTG GAT GAC ATT GCC AAG AGA TTG AAC AAG GAA AAC AAG GGT TTG AAC TTG ACC TCA ACT GAC GCT AGT ACT TTA TTC TCG TGG TGT GCA TTT GAA GTG AAC GCT AAA GGT TAC AGT GAT GTC TGT GAT ATT TTC ACC AAG GAT GAA TTA GTC CAT TAC TCC TAC TAC CAA GAC TTG CAC ACT TAT TAC CAT GAG GGT CCA GGT TAC GAC ATT ATC AAG TCT GTC GGT TCC AAC TTG TTC AAT GCC TCA GTC AAA TTA TTA AAG CAA AGT GAG ATT CAA GAC CAA AAG GTT TGG TTG AGT TTT ACC CAC GAT ACC GAT ATC CTA AAC TTT TTG ACC ACC GCT GGT ATA ATT GAC GAC AAA AAC AAC TTA ACT GCC GAA TAC GTT CCA TTC ATG GGC AAC ACT TTC CAC AGA TCC TGG TAC GTT CCT CAA GGT GCT CGT GTC TAC ACC GAA AAA TTC CAA TGT TCT AAC GAC ACC TAC GTC AGA TAC GTC ATT AAC GAT GCT GTT GTT CCA ATT GAA ACC TGT TCC ACT GGT CCA GGG TTC TCT TGT GAA ATC AAT GAC TTC TAC GAC TAT GCT GAA AAG AGA GTA GCC GGT ACT GAC TTC CTA AAG GTC TGT AAC GTC AGC AGC GTC AGT AAC TCT ACT GAA TTG ACC TTC TAC TGG GAC TGG AAC ACT ACT CAT TAC AAC GCC AGT CTA TTG AGA CAA	467	0.423983	0.198446	0.911017	0.163438	false	L4_longer	drop_stop	balanced	mid_regularity	q2	100	0.193889	0.219334	true
scerevisiae	lcl|BK006936.2_cds_DAA07213.1_301	ATGTTTAAGTCTGTTGTTTATTCGGTTCTAGCCGCTGCTTTAGTTAATGCAGGTACAATTCCCCTCGGAGAGTTAGCCGATGTTGCCAAAATTGGCACTCAGGAAGACATATTCCCATTCCTGGGTGGTGCCGGGCCATACTTCTCTTTCCCTGGCGACTATGGTATTTCTCGTGACTTGCCTGAAGGTTGTGAAATGAAACAATTGCAAATGCTTGCCAGACATGGTGAAAGATACCCAACTTACAGTAAAGGTGCTACCATCATGAAAACATGGTATAAGTTGAGCAATTACACACGTCAATTCAACGGCTCATTGTCATTCTTGAACGATGATTACGAGTTTTTCATCCGTGATGACGATGATTTGGAAATGGAAACCACTTTTGCCAACTCAGACAATGTTTTGAATCCATACACTGGTGAGATGGATGCTAAGAGACATGCTCGTGAGTTTTTAGCGCAATATGGCTACATGTTCGAAAATCAAACCAGTTTCCCAATTTTCGCCGCTAGTTCTGAAAGGGTTCATGACACTGCTCAATATTTCATTGATGGTTTAGGTGACCAATTCAACATCTCCTTGCAGACTGTCAGTGAAGCCATGTCCGCCGGCGCAAACACTTTGAGTGCTGGTAATGCGTGCCCAGGATGGGATGAAGATGCTAACGATGACATTTTGGACAAATACGATACCACATACTTGGATGACATTGCCAAGAGATTAAACAAAGAAAACAAGGGTTTGAATTTGACCTCAAAGGACGCCAACACTTTGTTTGCATGGTGTGCATACGAATTGAACGCTAGAGGCTACAGTGATGTTTGTGATATCTTCACCGAAGATGAATTGGTACGTTACTCATACGGCCAGGACCTGGTATCGTTTTACCAGGATGGACCAGGTTATGATATGATCAGATCCGTCGGTGCCAACTTGTTTAACGCTACTTTGAAGTTGTTAAAGCAAAGTGAAACTCAAGACTTAAAAGTCTGGTTGAGTTTTACCCACGATACCGATATCCTAAACTATTTGACCACCGCTGGTATAATTGACGACAAAAACAACTTAACTGCCGAATACGTTCCATTCATGGGCAACACCTTCCATAAGTCCTGGTACGTTCCTCAAGGTGCTCGTGTCTACACCGAAAAATTCCAATGTTCTAACGACACCTACGTCAGATACGTCATTAACGATGCTGTCGTTCCAATTGAAACCTGTTCCACCGGCCCAGGGTTCTCTTGTGAAATCAATGATTTCTACGACTATGCTGAAAAGAGAGTAGCTGGTACTGACTTCCTAAAGGTCTGTAACGTCAGCAGTGTCAGTAACGTCACCGAATTGACCTTCTACTGGGACTGGAATACTACTCACTACAACGATACCCTATTAAAACAATAA	ATG TTT AAG TCT GTT GTT TAT TCG GTT CTA GCC GCT GCT TTA GTT AAT GCA GGT ACA ATT CCC CTC GGA GAG TTA GCC GAT GTT GCC AAA ATT GGC ACT CAG GAA GAC ATA TTC CCA TTC CTG GGT GGT GCC GGG CCA TAC TTC TCT TTC CCT GGC GAC TAT GGT ATT TCT CGT GAC TTG CCT GAA GGT TGT GAA ATG AAA CAA TTG CAA ATG CTT GCC AGA CAT GGT GAA AGA TAC CCA ACT TAC AGT AAA GGT GCT ACC ATC ATG AAA ACA TGG TAT AAG TTG AGC AAT TAC ACA CGT CAA TTC AAC GGC TCA TTG TCA TTC TTG AAC GAT GAT TAC GAG TTT TTC ATC CGT GAT GAC GAT GAT TTG GAA ATG GAA ACC ACT TTT GCC AAC TCA GAC AAT GTT TTG AAT CCA TAC ACT GGT GAG ATG GAT GCT AAG AGA CAT GCT CGT GAG TTT TTA GCG CAA TAT GGC TAC ATG TTC GAA AAT CAA ACC AGT TTC CCA ATT TTC GCC GCT AGT TCT GAA AGG GTT CAT GAC ACT GCT CAA TAT TTC ATT GAT GGT TTA GGT GAC CAA TTC AAC ATC TCC TTG CAG ACT GTC AGT GAA GCC ATG TCC GCC GGC GCA AAC ACT TTG AGT GCT GGT AAT GCG TGC CCA GGA TGG GAT GAA GAT GCT AAC GAT GAC ATT TTG GAC AAA TAC GAT ACC ACA TAC TTG GAT GAC ATT GCC AAG AGA TTA AAC AAA GAA AAC AAG GGT TTG AAT TTG ACC TCA AAG GAC GCC AAC ACT TTG TTT GCA TGG TGT GCA TAC GAA TTG AAC GCT AGA GGC TAC AGT GAT GTT TGT GAT ATC TTC ACC GAA GAT GAA TTG GTA CGT TAC TCA TAC GGC CAG GAC CTG GTA TCG TTT TAC CAG GAT GGA CCA GGT TAT GAT ATG ATC AGA TCC GTC GGT GCC AAC TTG TTT AAC GCT ACT TTG AAG TTG TTA AAG CAA AGT GAA ACT CAA GAC TTA AAA GTC TGG TTG AGT TTT ACC CAC GAT ACC GAT ATC CTA AAC TAT TTG ACC ACC GCT GGT ATA ATT GAC GAC AAA AAC AAC TTA ACT GCC GAA TAC GTT CCA TTC ATG GGC AAC ACC TTC CAT AAG TCC TGG TAC GTT CCT CAA GGT GCT CGT GTC TAC ACC GAA AAA TTC CAA TGT TCT AAC GAC ACC TAC GTC AGA TAC GTC ATT AAC GAT GCT GTC GTT CCA ATT GAA ACC TGT TCC ACC GGC CCA GGG TTC TCT TGT GAA ATC AAT GAT TTC TAC GAC TAT GCT GAA AAG AGA GTA GCT GGT ACT GAC TTC CTA AAG GTC TGT AAC GTC AGC AGT GTC AGT AAC GTC ACC GAA TTG ACC TTC TAC TGG GAC TGG AAT ACT ACT CAC TAC AAC GAT ACC CTA TTA AAA CAA	467	0.430407	0.200565	0.913136	0.182486	false	L4_longer	drop_stop	balanced	mid_regularity	q2	100	0.193889	0.219334	true
scerevisiae	lcl|BK006938.2_cds_DAA12237.1_1309	ATGTTGAGATACTATGGGGCGACAAGAAACTTACCCTTAGTATTCAGCATTAACAAATTAATGTTGAGGGCGTCATCTTTCACCAGGCCATTTCATTATAGTTCATATTCTCTACAGAACGGTGATACTCCTGATAAAGGCAGCACTAATAAAAATGAAATACGGACACCTAATAACGCTGTTTGGAAAGAAAATATAGAACTTCAATGGCAGCACTTGAAAAAGAAATTAAATGAATTGTATTCTAGGTTTAACTTCCACCGAGATCAATTATCCTTTCAAGTTAACAAGGCCAAAAAATCAATTCAAGAGGCAAACAGGAAGTTGTCTGAGCAAGAGAATGAAATCAACGATTCCCGTTTAAACTATAATAAAGATGAATTGACCAGTGCGAAAATTGAAGGATTGCCCTCCGAAAGGGAACAACATAGAAAAAAATGGTCTAGAAAGTTAGAGTTTTATTTTGACTCATTACAGGAGACGTTATTTACTGCCACACGTGCTTTAAATGATGTGACCGGTTATTCTGGAATTCAAAAGCTCAAATCTAGCATCAGTCTAATGGAAAAAAAATTAGAAGCTACAAAGAAAGAACACAAACTGTTTAAGGCACAGTACGCTAACGCCATTGATGAACGTGCTCAATCCCAAAGAGAAGTTAACGAATTATTGCAAAGGCAAAGCGCGTGGTCTTCGAGCGATTTAGAGAGATTTACGCAGCTATACAAAAATGACGCCTTGAATGCTAGACAGGAGCAAGAACTAAAAAACAAGGTTAAAGAAATTGAAAGCAAAGAAGAACAACTAAATGACGACTTGTATAGAGCAATTTTGACCAGGTACCATGAGGAACAAATATGGTCAGACAAAATCCGAAGAACATCCACCTGGGGTACATTCATCTTAATGGGTATGAATATATTCTTGTTTATTGTCCTACAATTACTATTAGAACCTTGGAAACGGAAAAGGTTAGTAGGATCGTTTGAAGACAAAGTCAAAAGCGCTCTCAACGAATATGCCAAGGAGCAGAATATGAAGATGGATAAATTGTTACCTGGAAAATCATCGGAAGTAACAGACCAAGGCAACACAGAAAACTCGATCGTTGAAGAGCACATAGAACAGAGAGGTGAATGTAAAATTAATACGGCGGAAATCGACAGGCCTGAAGTTGCAACGGCTGAGACCACTACAACAGAAATGAAATCCTTCAGAGATATTTGGGAACGAATAAAGGCACTTTTTGTCACACTAAAAAGCATACAATATAGGAAACTTGACGCTCCCCTAGTCTTTGACACCTTAGAGTTCTACTTATACTCAATTTCTTTAGTGAGTATGACAATCTTGGTATCCGGGCTGATATGA	ATG TTG AGA TAC TAT GGG GCG ACA AGA AAC TTA CCC TTA GTA TTC AGC ATT AAC AAA TTA ATG TTG AGG GCG TCA TCT TTC ACC AGG CCA TTT CAT TAT AGT TCA TAT TCT CTA CAG AAC GGT GAT ACT CCT GAT AAA GGC AGC ACT AAT AAA AAT GAA ATA CGG ACA CCT AAT AAC GCT GTT TGG AAA GAA AAT ATA GAA CTT CAA TGG CAG CAC TTG AAA AAG AAA TTA AAT GAA TTG TAT TCT AGG TTT AAC TTC CAC CGA GAT CAA TTA TCC TTT CAA GTT AAC AAG GCC AAA AAA TCA ATT CAA GAG GCA AAC AGG AAG TTG TCT GAG CAA GAG AAT GAA ATC AAC GAT TCC CGT TTA AAC TAT AAT AAA GAT GAA TTG ACC AGT GCG AAA ATT GAA GGA TTG CCC TCC GAA AGG GAA CAA CAT AGA AAA AAA TGG TCT AGA AAG TTA GAG TTT TAT TTT GAC TCA TTA CAG GAG ACG TTA TTT ACT GCC ACA CGT GCT TTA AAT GAT GTG ACC GGT TAT TCT GGA ATT CAA AAG CTC AAA TCT AGC ATC AGT CTA ATG GAA AAA AAA TTA GAA GCT ACA AAG AAA GAA CAC AAA CTG TTT AAG GCA CAG TAC GCT AAC GCC ATT GAT GAA CGT GCT CAA TCC CAA AGA GAA GTT AAC GAA TTA TTG CAA AGG CAA AGC GCG TGG TCT TCG AGC GAT TTA GAG AGA TTT ACG CAG CTA TAC AAA AAT GAC GCC TTG AAT GCT AGA CAG GAG CAA GAA CTA AAA AAC AAG GTT AAA GAA ATT GAA AGC AAA GAA GAA CAA CTA AAT GAC GAC TTG TAT AGA GCA ATT TTG ACC AGG TAC CAT GAG GAA CAA ATA TGG TCA GAC AAA ATC CGA AGA ACA TCC ACC TGG GGT ACA TTC ATC TTA ATG GGT ATG AAT ATA TTC TTG TTT ATT GTC CTA CAA TTA CTA TTA GAA CCT TGG AAA CGG AAA AGG TTA GTA GGA TCG TTT GAA GAC AAA GTC AAA AGC GCT CTC AAC GAA TAT GCC AAG GAG CAG AAT ATG AAG ATG GAT AAA TTG TTA CCT GGA AAA TCA TCG GAA GTA ACA GAC CAA GGC AAC ACA GAA AAC TCG ATC GTT GAA GAG CAC ATA GAA CAG AGA GGT GAA TGT AAA ATT AAT ACG GCG GAA ATC GAC AGG CCT GAA GTT GCA ACG GCT GAG ACC ACT ACA ACA GAA ATG AAA TCC TTC AGA GAT ATT TGG GAA CGA ATA AAG GCA CTT TTT GTC ACA CTA AAA AGC ATA CAA TAT AGG AAA CTT GAC GCT CCC CTA GTC TTT GAC ACC TTA GAG TTC TAC TTA TAC TCA ATT TCT TTA GTG AGT ATG ACA ATC TTG GTA TCC GGG CTG ATA	456	0.375000	0.186404	0.929825	0.225982	false	L4_longer	drop_stop	balanced	low_regularity	q1	100	0.193889	0.219334	true
scerevisiae	lcl|BK006938.2_cds_DAA12316.1_1388	ATGGCCCTCTTTCTCAGTAAGAGACTGTTGAGATTTACCGTCATTGCAGGTGCGGTTATTGTTCTCCTCCTAACATTGAATTCCAACAGTAGAACTCAGCAATATATTCCGAGTTCCATCTCCGCTGCATTTGATTTTACCTCAGGATCTATATCCCCTGAACAACAAGTCATCTCTGAGGAAAATGATGCTAAAAAATTAGAGCAAAGTGCTCTGAATTCAGAGGCAAGCGAAGACTCCGAAGCCATGGATGAAGAATCCAAGGCTCTGAAAGCTGCCGCTGAAAAGGCAGATGCCCCGATCGACACTAAAACAACCATGGATTATATCACTCCATCTTTTGCTAACAAAGCTGGTAAGCCAAAAGCTTGTTACGTCACTTTGGTGAGAAACAAGGAGTTGAAAGGTTTGCTAAGCTCCATTAAATATGTGGAAAACAAAATTAACAAGAAATTCCCATATCCTTGGGTTTTCCTAAACGATGAACCTTTTACTGAAGAATTCAAGGAAGCAGTCACCAAAGCTGTTTCTTCCGAAGTTAAGTTTGGTATTTTGCCCAAGGAACATTGGTCATATCCTGAATGGATTAATCAAACCAAGGCTGCTGAAATTCGTGCAGATGCTGCCACCAAATACATATACGGTGGCTCCGAATCTTATAGACACATGTGTCGTTACCAATCTGGGTTTTTCTGGAGACATGAATTATTAGAAGAGTACGATTGGTACTGGCGTGTGGAACCAGACATCAAGTTATACTGTGATATTAATTACGACGTTTTTAAGTGGATGCAAGAAAACGAAAAAGTTTACGGCTTTACCGTTTCTATTCATGAATATGAAGTGACGATCCCAACACTATGGCAAACGTCCATGGATTTCATCAAAAAGAACCCCGAATACTTAGATGAAAACAACCTGATGAGTTTTCTTTCGAACGATAATGGTAAAACATACAATCTGTGCCATTTCTGGTCAAACTTTGAAATTGCAAACTTGAATTTGTGGAGGTCACCAGCCTACAGAGAGTATTTTGACACTTTGGATCATCAAGGTGGATTTTTCTACGAAAGATGGGGCGATGCTCCCGTTCATTCTATTGCTGCTGCTTTGTTTTTGCCAAAGGATAAAATCCATTATTTTTCAGACATTGGTTACCATCATCCACCTTATGATAACTGCCCATTGGACAAGGAGGTCTATAACAGTAACAACTGTGAATGTGACCAAGGTAATGATTTCACTTTCCAAGGTTACTCTTGTGGTAAGGAATATTATGATGCTCAAGGGTTGGTAAAGCCAAAAAACTGGAAAAAATTCCGTGAGTAG	ATG GCC CTC TTT CTC AGT AAG AGA CTG TTG AGA TTT ACC GTC ATT GCA GGT GCG GTT ATT GTT CTC CTC CTA ACA TTG AAT TCC AAC AGT AGA ACT CAG CAA TAT ATT CCG AGT TCC ATC TCC GCT GCA TTT GAT TTT ACC TCA GGA TCT ATA TCC CCT GAA CAA CAA GTC ATC TCT GAG GAA AAT GAT GCT AAA AAA TTA GAG CAA AGT GCT CTG AAT TCA GAG GCA AGC GAA GAC TCC GAA GCC ATG GAT GAA GAA TCC AAG GCT CTG AAA GCT GCC GCT GAA AAG GCA GAT GCC CCG ATC GAC ACT AAA ACA ACC ATG GAT TAT ATC ACT CCA TCT TTT GCT AAC AAA GCT GGT AAG CCA AAA GCT TGT TAC GTC ACT TTG GTG AGA AAC AAG GAG TTG AAA GGT TTG CTA AGC TCC ATT AAA TAT GTG GAA AAC AAA ATT AAC AAG AAA TTC CCA TAT CCT TGG GTT TTC CTA AAC GAT GAA CCT TTT ACT GAA GAA TTC AAG GAA GCA GTC ACC AAA GCT GTT TCT TCC GAA GTT AAG TTT GGT ATT TTG CCC AAG GAA CAT TGG TCA TAT CCT GAA TGG ATT AAT CAA ACC AAG GCT GCT GAA ATT CGT GCA GAT GCT GCC ACC AAA TAC ATA TAC GGT GGC TCC GAA TCT TAT AGA CAC ATG TGT CGT TAC CAA TCT GGG TTT TTC TGG AGA CAT GAA TTA TTA GAA GAG TAC GAT TGG TAC TGG CGT GTG GAA CCA GAC ATC AAG TTA TAC TGT GAT ATT AAT TAC GAC GTT TTT AAG TGG ATG CAA GAA AAC GAA AAA GTT TAC GGC TTT ACC GTT TCT ATT CAT GAA TAT GAA GTG ACG ATC CCA ACA CTA TGG CAA ACG TCC ATG GAT TTC ATC AAA AAG AAC CCC GAA TAC TTA GAT GAA AAC AAC CTG ATG AGT TTT CTT TCG AAC GAT AAT GGT AAA ACA TAC AAT CTG TGC CAT TTC TGG TCA AAC TTT GAA ATT GCA AAC TTG AAT TTG TGG AGG TCA CCA GCC TAC AGA GAG TAT TTT GAC ACT TTG GAT CAT CAA GGT GGA TTT TTC TAC GAA AGA TGG GGC GAT GCT CCC GTT CAT TCT ATT GCT GCT GCT TTG TTT TTG CCA AAG GAT AAA ATC CAT TAT TTT TCA GAC ATT GGT TAC CAT CAT CCA CCT TAT GAT AAC TGC CCA TTG GAC AAG GAG GTC TAT AAC AGT AAC AAC TGT GAA TGT GAC CAA GGT AAT GAT TTC ACT TTC CAA GGT TAC TCT TGT GGT AAG GAA TAT TAT GAT GCT CAA GGG TTG GTA AAG CCA AAA AAC TGG AAA AAA TTC CGT GAG	442	0.398944	0.205357	0.915179	0.155952	false	L4_longer	drop_stop	balanced	mid_regularity	q2	100	0.193889	0.219334	true
scerevisiae	lcl|BK006938.2_cds_DAA12171.1_1242	ATGGCCCCAAATCAAAGATCACGTTCGCTTCTGCAGAGACATCGAGGAAAGGTACTCATTTCATTGACTGGAATAGCTGCTTTATTTACCACAGGGTCGGTGGTAGTGTTTTTCGTGAAGAGATGGTTGTATAAACAGCAGTTACGGATTACTGAGCAACACTTCATCAAAGAACAGATCAAAAGAAGGTTCGAGCAGACACAGGAAGACTCGTTGTACACAATATACGAGCTACTTCCTGTATGGAGAATGGTTTTGAATGAAAACGATTTGAATTTGGACAGCATCGTTACCCAATTAAAGGACCAAAAGAACCAGTTGACTAGAGCAAAGTCTAGTGAAAGCAGAGAAAGTTCGCCGTTAAAAAGTAAAGCTGAGTTGTGGAACGAGTTAGAACTAAAGAGTTTGATCAAGCTGGTGACAGTGACGTACACAGTATCGTCGCTGATTCTTTTAACAAGACTGCAACTAAATATCCTGACAAGAAACGAGTACCTGGACTCCGCAATAAAATTAACCATGCAGCAGGAAAACTGCAACAAACTACAGAATAGGTTCTATAACTGGGTTACATCGTGGTGGAGCGATCCGGAGGACAAAGCGGATGATGCAATGGTAATGGCAGCAAAAAAGTCAAAGAAAGAAGGCCAGGAAGTGTATATTAATGAGCAAGCTTTCCTATCACTATCATGGTGGATTCTTAACAAGGGGTGGTTGAGTTACAATGAAATAATTACAAATCAAATCGAAATTGAATTTGACGGCATACACCCAAGAGATACTCTAACGTTAGAAGAATTTAGTTCTCGTCTCACGAACATATTCCGGAACACGAATTCCCAAATATTCCAGCAAAATAATAATAACCTCACGTCTATTTTGCTTCCTAAAGATTCCAGTGGACAGGAGTTTCTTCTGTCACAGACGCTTGACGCGGATGCTTTAACAAGTTTTCACTCTAACACACTAGTTTTTAATCAATTGGTGAATGAACTGACCCAATGTATCGAAAGCACAGCAACATCCATAGTGTTAGAGTCTCTAATAAATGAATCATTCCATTTCATAATGAACAAGGTCGGCATAAAGACAATAGCCAAGAAAAAACCTGGCCAAGAAGATCAGCAACAGTATCAAATGGCAGTTTTCGCTATGTCGATGAAAGACTGTTGCCAAGAAATGCTTCAAACAACTGCCGGGTCTTCCCATAGCGGCAGCGTGAACGAATACCTGGCCACTCTGGATTCTGTGCAGCCGCTCGATGATCTGAGCGCCAGCGTATACAGCAACTTTGGCGTCTCCAGCTCGTTTTCCTTCAAGCCTTAA	ATG GCC CCA AAT CAA AGA TCA CGT TCG CTT CTG CAG AGA CAT CGA GGA AAG GTA CTC ATT TCA TTG ACT GGA ATA GCT GCT TTA TTT ACC ACA GGG TCG GTG GTA GTG TTT TTC GTG AAG AGA TGG TTG TAT AAA CAG CAG TTA CGG ATT ACT GAG CAA CAC TTC ATC AAA GAA CAG ATC AAA AGA AGG TTC GAG CAG ACA CAG GAA GAC TCG TTG TAC ACA ATA TAC GAG CTA CTT CCT GTA TGG AGA ATG GTT TTG AAT GAA AAC GAT TTG AAT TTG GAC AGC ATC GTT ACC CAA TTA AAG GAC CAA AAG AAC CAG TTG ACT AGA GCA AAG TCT AGT GAA AGC AGA GAA AGT TCG CCG TTA AAA AGT AAA GCT GAG TTG TGG AAC GAG TTA GAA CTA AAG AGT TTG ATC AAG CTG GTG ACA GTG ACG TAC ACA GTA TCG TCG CTG ATT CTT TTA ACA AGA CTG CAA CTA AAT ATC CTG ACA AGA AAC GAG TAC CTG GAC TCC GCA ATA AAA TTA ACC ATG CAG CAG GAA AAC TGC AAC AAA CTA CAG AAT AGG TTC TAT AAC TGG GTT ACA TCG TGG TGG AGC GAT CCG GAG GAC AAA GCG GAT GAT GCA ATG GTA ATG GCA GCA AAA AAG TCA AAG AAA GAA GGC CAG GAA GTG TAT ATT AAT GAG CAA GCT TTC CTA TCA CTA TCA TGG TGG ATT CTT AAC AAG GGG TGG TTG AGT TAC AAT GAA ATA ATT ACA AAT CAA ATC GAA ATT GAA TTT GAC GGC ATA CAC CCA AGA GAT ACT CTA ACG TTA GAA GAA TTT AGT TCT CGT CTC ACG AAC ATA TTC CGG AAC ACG AAT TCC CAA ATA TTC CAG CAA AAT AAT AAT AAC CTC ACG TCT ATT TTG CTT CCT AAA GAT TCC AGT GGA CAG GAG TTT CTT CTG TCA CAG ACG CTT GAC GCG GAT GCT TTA ACA AGT TTT CAC TCT AAC ACA CTA GTT TTT AAT CAA TTG GTG AAT GAA CTG ACC CAA TGT ATC GAA AGC ACA GCA ACA TCC ATA GTG TTA GAG TCT CTA ATA AAT GAA TCA TTC CAT TTC ATA ATG AAC AAG GTC GGC ATA AAG ACA ATA GCC AAG AAA AAA CCT GGC CAA GAA GAT CAG CAA CAG TAT CAA ATG GCA GTT TTC GCT ATG TCG ATG AAA GAC TGT TGC CAA GAA ATG CTT CAA ACA ACT GCC GGG TCT TCC CAT AGC GGC AGC GTG AAC GAA TAC CTG GCC ACT CTG GAT TCT GTG CAG CCG CTC GAT GAT CTG AGC GCC AGC GTA TAC AGC AAC TTT GGC GTC TCC AGC TCG TTT TCC TTC AAG CCT	441	0.415722	0.223214	0.897321	0.123044	false	L4_longer	drop_stop	balanced	high_regularity	q4	100	0.193889	0.219334	true
scerevisiae	lcl|BK006934.2_cds_DAA06812.1_2587	ATGTCCATGCAACAAGTCCAACATTGTGTCGCAGAAGTACTTCGACTAGATCCACAAGAAAAACCGGACTGGTCGAGCGGATATTTGAAGAAGTTGACTAATGCGACATCGATTTTATATAATACTTCACTGAACAAGGTAATGCTGAAACAAGATGAAGAGGTTGCTAGATGTCACATATGTGCATACATAGCGTCACAGAAAATGAATGAAAAACACATGCCTGACCTTTGCTATTATATAGACAGTATTCCCTTGGAGCCGAAAAAAGCCAAGCATTTAATGAACCTTTTCAGACAAAGTTTATCTAATTCTTCACCTATGAAACAATTTGCTTGGACACCGAGCCCCAAAAAGAACAAACGCAGTCCAGTAAAGAACGGTGGGAGGTTTACTTCTTCTGATCCGAAAGAGTTGAGGAATCAACTGTTTGGTACACCAACTAAAGTTAGGAAAAGCCAAAATAATGATTCGTTCGTAATACCAGAACTACCCCCCATGCAAACCAATGAATCGCCGTCTATTACTAGGAGAAAGTTAGCATTTGAAGAGGATGAGGATGAGGATGAAGAGGAACCAGGAAACGACGGTTTGTCTTTAAAAAGCCATAGTAATAAGAGCATTACTGGAACCAGAAATGTAGATTCTGATGAGTATGAAAACCATGAAAGTGACCCTACAAGTGAGGAAGAGCCATTAGGTGTGCAAGAAAGCAGAAGCGGGAGAACGAAACAAAATAAGGCAGTTGGAAAACCGCAATCAGAATTGAAGACGGCAAAAGCCCTGAGGAAAAGGGGCAGAATACCAAATTCTTTGTTAGTAAAGAAGTATTGCAAAATGACTACTGAAGAAATAATACGGCTTTGCAACGATTTTGAATTACCAAGAGAAGTAGCATATAAAATTGTGGATGAGTACAACATAAACGCGTCAAGATTGGTTTGCCCATGGCAATTAGTGTGTGGGTTAGTATTAAATTGTACATTCATTGTATTTAATGAAAGAAGACGCAAGGATCCAAGAATTGACCATTTTATAGTCAGTAAGATGTGCAGCTTGATGTTGACGTCAAAAGTGGATGATGTTATTGAATGTGTAAAATTAGTGAAGGAATTAATTATCGGTGAAAAATGGTTCAGAGATTTGCAAATTAGGTATGATGATTTTGATGGCATCAGATACGATGAAATTATATTTAGGAAACTGGGATCGATGTTACAAACCACCAATATTTTGGTCACAGACGACCAGTACAATATTTGGAAGAAAAGAATTGAAATGGATTTGGCATTAACAGAACCTTTATAA	ATG TCC ATG CAA CAA GTC CAA CAT TGT GTC GCA GAA GTA CTT CGA CTA GAT CCA CAA GAA AAA CCG GAC TGG TCG AGC GGA TAT TTG AAG AAG TTG ACT AAT GCG ACA TCG ATT TTA TAT AAT ACT TCA CTG AAC AAG GTA ATG CTG AAA CAA GAT GAA GAG GTT GCT AGA TGT CAC ATA TGT GCA TAC ATA GCG TCA CAG AAA ATG AAT GAA AAA CAC ATG CCT GAC CTT TGC TAT TAT ATA GAC AGT ATT CCC TTG GAG CCG AAA AAA GCC AAG CAT TTA ATG AAC CTT TTC AGA CAA AGT TTA TCT AAT TCT TCA CCT ATG AAA CAA TTT GCT TGG ACA CCG AGC CCC AAA AAG AAC AAA CGC AGT CCA GTA AAG AAC GGT GGG AGG TTT ACT TCT TCT GAT CCG AAA GAG TTG AGG AAT CAA CTG TTT GGT ACA CCA ACT AAA GTT AGG AAA AGC CAA AAT AAT GAT TCG TTC GTA ATA CCA GAA CTA CCC CCC ATG CAA ACC AAT GAA TCG CCG TCT ATT ACT AGG AGA AAG TTA GCA TTT GAA GAG GAT GAG GAT GAG GAT GAA GAG GAA CCA GGA AAC GAC GGT TTG TCT TTA AAA AGC CAT AGT AAT AAG AGC ATT ACT GGA ACC AGA AAT GTA GAT TCT GAT GAG TAT GAA AAC CAT GAA AGT GAC CCT ACA AGT GAG GAA GAG CCA TTA GGT GTG CAA GAA AGC AGA AGC GGG AGA ACG AAA CAA AAT AAG GCA GTT GGA AAA CCG CAA TCA GAA TTG AAG ACG GCA AAA GCC CTG AGG AAA AGG GGC AGA ATA CCA AAT TCT TTG TTA GTA AAG AAG TAT TGC AAA ATG ACT ACT GAA GAA ATA ATA CGG CTT TGC AAC GAT TTT GAA TTA CCA AGA GAA GTA GCA TAT AAA ATT GTG GAT GAG TAC AAC ATA AAC GCG TCA AGA TTG GTT TGC CCA TGG CAA TTA GTG TGT GGG TTA GTA TTA AAT TGT ACA TTC ATT GTA TTT AAT GAA AGA AGA CGC AAG GAT CCA AGA ATT GAC CAT TTT ATA GTC AGT AAG ATG TGC AGC TTG ATG TTG ACG TCA AAA GTG GAT GAT GTT ATT GAA TGT GTA AAA TTA GTG AAG GAA TTA ATT ATC GGT GAA AAA TGG TTC AGA GAT TTG CAA ATT AGG TAT GAT GAT TTT GAT GGC ATC AGA TAC GAT GAA ATT ATA TTT AGG AAA CTG GGA TCG ATG TTA CAA ACC ACC AAT ATT TTG GTC ACA GAC GAC CAG TAC AAT ATT TGG AAG AAA AGA ATT GAA ATG GAT TTG GCA TTA ACA GAA CCT TTA	435	0.378544	0.192424	0.915909	0.214632	false	L4_longer	drop_stop	balanced	low_regularity	q1	100	0.193889	0.219334	true
scerevisiae	lcl|BK006941.2_cds_DAA08247.1_2268	ATGACAGATCCCAGAAGAAGAACAGGCCGTCATTTCTTGACACCGGAGAATTTATCCTCTACATTACAAATCACAAACTTACCTCCAGAATGGAACCAAGATATAATTACTTCGGTCGTGGCCGGTTCTGGTCCAGTTATAGATATAAAAGCTAAGAATGACCCGAGAACTGGTAAACTAACCGGTGTACTGTTCGATTATTTGACTAGTAAAGATTGTAAACGCGCTTGGGAAATTTTAAATAGAATTGAAAACTTTCCCGTAAAGATAGAGCAAATAATCCCACCAAATTATAAGGACCATCTTAGAGAAACAGCAAATAAAAATTCTCAAAAGCAGGTATTACAACTTAATAGAGATTCGTACCCCTTCGAGGCGGGTTTGGAGCTACCTTTCGAAATGGTGACAGAAGTCCCCATTCCTAGGCGACCACCGCCACCACAGGCTGCAAATAACACAAACTCTGTATCAAATAACACAAACATTCAATTCCCCGACATACTAAGTAAAGCATCTAAACACTTGCCAAGTTTCCAAGATGGCTCGATTATTGCACCAGACAAAATTTCACAAAATTTAAGTAAAATTCCGCCGTTGCAACTTATTGAAATTATATCAAATTTGAAAATATTATCAAACCAAGAAAACATCCAAAAATCGCAATTAGAATCTTTCTTAGATACTAACAGTGATATCACAATATCAGTGACCCAAGCCCTACTAGAAATGGGATTTATAGACTACAGCGTGGTGACTAAAGTGTTGAAATCCCAAGTTGGCGAGGCCCCATCTTTGCTTTCGAGTAATAACACAAGTAATTCGAACACCCCCGTAAGCGTAATTAGAAATAACACTCCGTTGCATGTACCTTCTAATGAAGTCAGCAACAATCCTAACAATATGCCACTGAACGTAGCTATGCCAATGCCTATGTCGACACCACCATTTATCCCTTTACCTCTGCAACAACAACCGTTCGGTTTTGCGCCACCGGGCCCTTTCATGCCTCCAGCTCAAGGCCCCTCCATGGGACAGCCTGTGTTGGCAAATCAACTCGGCCAGGTCCAGCAACAAAATATAAGTTCTACAGAAGGACCCTCTAACGCGAATAAAGCGAATGACAGCGGCACCATTAATATGGCGAAACTGCAATTACTACCTGAAAACCAACAAGATATGATCAAACAAGTTCTTACTTTGACACCTGCCCAGATCCAAAGTTTACCAAGTGACCAGCAACTTATGGTGGAAAACTTTAGAAAAGAATATATAATCTAA	ATG ACA GAT CCC AGA AGA AGA ACA GGC CGT CAT TTC TTG ACA CCG GAG AAT TTA TCC TCT ACA TTA CAA ATC ACA AAC TTA CCT CCA GAA TGG AAC CAA GAT ATA ATT ACT TCG GTC GTG GCC GGT TCT GGT CCA GTT ATA GAT ATA AAA GCT AAG AAT GAC CCG AGA ACT GGT AAA CTA ACC GGT GTA CTG TTC GAT TAT TTG ACT AGT AAA GAT TGT AAA CGC GCT TGG GAA ATT TTA AAT AGA ATT GAA AAC TTT CCC GTA AAG ATA GAG CAA ATA ATC CCA CCA AAT TAT AAG GAC CAT CTT AGA GAA ACA GCA AAT AAA AAT TCT CAA AAG CAG GTA TTA CAA CTT AAT AGA GAT TCG TAC CCC TTC GAG GCG GGT TTG GAG CTA CCT TTC GAA ATG GTG ACA GAA GTC CCC ATT CCT AGG CGA CCA CCG CCA CCA CAG GCT GCA AAT AAC ACA AAC TCT GTA TCA AAT AAC ACA AAC ATT CAA TTC CCC GAC ATA CTA AGT AAA GCA TCT AAA CAC TTG CCA AGT TTC CAA GAT GGC TCG ATT ATT GCA CCA GAC AAA ATT TCA CAA AAT TTA AGT AAA ATT CCG CCG TTG CAA CTT ATT GAA ATT ATA TCA AAT TTG AAA ATA TTA TCA AAC CAA GAA AAC ATC CAA AAA TCG CAA TTA GAA TCT TTC TTA GAT ACT AAC AGT GAT ATC ACA ATA TCA GTG ACC CAA GCC CTA CTA GAA ATG GGA TTT ATA GAC TAC AGC GTG GTG ACT AAA GTG TTG AAA TCC CAA GTT GGC GAG GCC CCA TCT TTG CTT TCG AGT AAT AAC ACA AGT AAT TCG AAC ACC CCC GTA AGC GTA ATT AGA AAT AAC ACT CCG TTG CAT GTA CCT TCT AAT GAA GTC AGC AAC AAT CCT AAC AAT ATG CCA CTG AAC GTA GCT ATG CCA ATG CCT ATG TCG ACA CCA CCA TTT ATC CCT TTA CCT CTG CAA CAA CAA CCG TTC GGT TTT GCG CCA CCG GGC CCT TTC ATG CCT CCA GCT CAA GGC CCC TCC ATG GGA CAG CCT GTG TTG GCA AAT CAA CTC GGC CAG GTC CAG CAA CAA AAT ATA AGT TCT ACA GAA GGA CCC TCT AAC GCG AAT AAA GCG AAT GAC AGC GGC ACC ATT AAT ATG GCG AAA CTG CAA TTA CTA CCT GAA AAC CAA CAA GAT ATG ATC AAA CAA GTT CTT ACT TTG ACA CCT GCC CAG ATC CAA AGT TTA CCA AGT GAC CAG CAA CTT ATG GTG GAA AAC TTT AGA AAA GAA TAT ATA ATC	425	0.404706	0.219907	0.902778	0.167196	false	L4_longer	drop_stop	balanced	high_regularity	q4	100	0.193889	0.219334	true
scerevisiae	lcl|BK006937.2_cds_DAA07433.1_528	ATGGTGACAAGACATAGAGTGACTGTACTCTACAATGCCCCTGAGGATATCGGTAATCATATGCGCCAAAATGACACTCATTTGACTGTTCGTGGAGGTTCTGGTGTGGTTTTACAACAAAGGTGGCTATTAGAGAGGACTGGAAGCTTGGATAAATCCTTTACGAGAATCACTTGGAGGCCCAGAGCGGACTTGGCTAGAAGTTTAAGCGTTATAGAAAATGAACTGAGTGCTGGCTTTTCAGTTTACTCAAATTCTTCGGATGTGCCGGAAAGGTTTATTACTAACCCAGTCTACAATTCATTTCACAGTGAGAAGTTTGACATAGAGCAGTACTTGCCTCCCGAAGTAGATTTGAATCTGTCATGGAATCCAGAAGATTTTACATATGATATATCAGTGGAGCCCACACAAATCCAAATTGTTGAATATCGTCTGTTGAAACAGGGTGAAGAATTTACAATTGCAAGAGTGAAAGATGAGAAACTCGAAGTAGGTGTATTCTTTGTGGATGCAAGTGATGAAAGTGATGTCGATATTGGTGGAATACGTTGTAATTGGAGGATGGACGATGGTAAAATGGAAAGATGTCAGAAAACATCCTTATTGTATAAACAGGGCCATATCGCATACAATCACTCGACGACTACGACATCACTATATCTGAATGAACCTATCGGTTTGCATCCAAAAATCATGATTGATCTCACAGATTTCGAAGAACGCCCTAAATGCATGTATCTAATGCACCTGCAATTGCCGTTAGAATTATTTATCGATAAATTCCAATCCTCTCCCTTACTACTTTTTGGAGAAGACGACTTAGAATTACCAGAATACTCTCTTCGAGATAAGGCATGGGGTTCTGAAAGTATCTTTGAATTGAAAGCCGGCACAATGAATGAAGTGACATTGCATACTAGATATATTGAGCCTTCTAATAATAAAGGGGATAAATTAGAAGTTTCATTTGATCCAGAAGTTATATTAGCCTGCGACACAGGTGACAATAAAGTTTCCCGTAATCCATTTTATAAAAAAGGTCTAGGATATGAATCTCTCTTTACAGACGATACTACATTCCGCCATTTGAACTCGACAACTCTTCTAGTACCAATTCCAAGGCCTGACACAAAGGATTATTCCAAGATCAAAAATGGTACGTTACTATGCTTACTCATCTCCATCATATACATTTTCTCCAAGGTATTTGGTAACAACAAGAAGAAAAGATCAGTAAAACGGGAATAA	ATG GTG ACA AGA CAT AGA GTG ACT GTA CTC TAC AAT GCC CCT GAG GAT ATC GGT AAT CAT ATG CGC CAA AAT GAC ACT CAT TTG ACT GTT CGT GGA GGT TCT GGT GTG GTT TTA CAA CAA AGG TGG CTA TTA GAG AGG ACT GGA AGC TTG GAT AAA TCC TTT ACG AGA ATC ACT TGG AGG CCC AGA GCG GAC TTG GCT AGA AGT TTA AGC GTT ATA GAA AAT GAA CTG AGT GCT GGC TTT TCA GTT TAC TCA AAT TCT TCG GAT GTG CCG GAA AGG TTT ATT ACT AAC CCA GTC TAC AAT TCA TTT CAC AGT GAG AAG TTT GAC ATA GAG CAG TAC TTG CCT CCC GAA GTA GAT TTG AAT CTG TCA TGG AAT CCA GAA GAT TTT ACA TAT GAT ATA TCA GTG GAG CCC ACA CAA ATC CAA ATT GTT GAA TAT CGT CTG TTG AAA CAG GGT GAA GAA TTT ACA ATT GCA AGA GTG AAA GAT GAG AAA CTC GAA GTA GGT GTA TTC TTT GTG GAT GCA AGT GAT GAA AGT GAT GTC GAT ATT GGT GGA ATA CGT TGT AAT TGG AGG ATG GAC GAT GGT AAA ATG GAA AGA TGT CAG AAA ACA TCC TTA TTG TAT AAA CAG GGC CAT ATC GCA TAC AAT CAC TCG ACG ACT ACG ACA TCA CTA TAT CTG AAT GAA CCT ATC GGT TTG CAT CCA AAA ATC ATG ATT GAT CTC ACA GAT TTC GAA GAA CGC CCT AAA TGC ATG TAT CTA ATG CAC CTG CAA TTG CCG TTA GAA TTA TTT ATC GAT AAA TTC CAA TCC TCT CCC TTA CTA CTT TTT GGA GAA GAC GAC TTA GAA TTA CCA GAA TAC TCT CTT CGA GAT AAG GCA TGG GGT TCT GAA AGT ATC TTT GAA TTG AAA GCC GGC ACA ATG AAT GAA GTG ACA TTG CAT ACT AGA TAT ATT GAG CCT TCT AAT AAT AAA GGG GAT AAA TTA GAA GTT TCA TTT GAT CCA GAA GTT ATA TTA GCC TGC GAC ACA GGT GAC AAT AAA GTT TCC CGT AAT CCA TTT TAT AAA AAA GGT CTA GGA TAT GAA TCT CTC TTT ACA GAC GAT ACT ACA TTC CGC CAT TTG AAC TCG ACA ACT CTT CTA GTA CCA ATT CCA AGG CCT GAC ACA AAG GAT TAT TCC AAG ATC AAA AAT GGT ACG TTA CTA TGC TTA CTC ATC TCC ATC ATA TAC ATT TTC TCC AAG GTA TTT GGT AAC AAC AAG AAG AAA AGA TCA GTA AAA CGG GAA	416	0.386218	0.201923	0.901442	0.176740	false	L4_longer	drop_stop	balanced	mid_regularity	q2	100	0.193889	0.219334	true
scerevisiae	lcl|BK006945.2_cds_DAA09541.1_3884	ATGGCGGTTGCGATCAAAAAGGAGAAGACGAAATTTGCCCCCGTTAAGGAAGTTTTATCCGAGAAGGATCATGCTAATTATACTAAATTTCAGGATACATCGAAACTAGAATGGTTTTGCAGGACGTCAAATCACAAAAAGTTCAAGTCACATAGTTTATTAAAAGCAGTAAGAAATCCAACGGAAACAAGAATAGAGACACAAACTCTGTATTTTACGGATCTCACCAACGGCAAATGTGGATTAATTCAACTATTATATTCCAGTGTTATGGGCGGTATATACAAAGGTTTTCAGTTAAATTTCAAAATATTTAAAGCCAGCAGTGAGGAAAACTCTGAAGAAGACATTGATATATGGGAAAGCTTTAAAATTGATAATATCAAAGATTTTGATACGTTAAAAGTTGAATCGGACAATGTTACGTTTCACTTCGTACCTTTGGAAAATTCTTCCTCCAGTGGATTTGCTCAATTATTAATTAAGATAGATATTCCGAAGGGAAGTACAAGCTGTTTACTAAAAGATTTGAAGGTTGACATTACCGTAAATTTACAAGAAGGATTCATAATAAACCCGGACGGTTCCAATTATTACCTTGACAAGAGCATCAGCTTGGAAGAGTTAGCAAAAAGAGACTCTTCTAGTACGTCCAGAAAAATGATAAGACATGTTTTTGTTCCTAGAGGTTTTTGCAATGGTACCATCTCATACAAGAAAAACGATAAACCTGTGAAGCTGGACTTGAAGGACACGCCTATGTTGTATCTGGATGCTGTCCAGGGGCTAATACCCAATAAGGCGGCTAGTAAATGGAATTTTCTTTGTTTCAATGGTGAGAAGCGTTCGATGATGTGTATTGAATTCACCACAACAAAAGAATATGGCAGCACTACAGTGACTATATGGGCGGTTAGTGATAAGGACAAAATTTTGGAGGTCGGGTCAAGTGTAAATGATCATGCTGTTAAATTTCCATCTACAAAAGAGGATAAGCAAAATGGTTGGAAATATCCTACATCCATTTCATTTCCGCGTGGTTTTGAAGAATCTAATTTAAGATTAGTCAATAGGTACGATATAATGAGTGAGCTGCCCGCTTTCATTAGGTCTATTGCTGAAAATCTGGCAAACATGAAGCCATTCATTTACCAATTCTGCCAGAAGTCTAAATTCGATGACGATGAAGGAGTTTCCATCATTGAAAGTACATTTATCAATTGA	ATG GCG GTT GCG ATC AAA AAG GAG AAG ACG AAA TTT GCC CCC GTT AAG GAA GTT TTA TCC GAG AAG GAT CAT GCT AAT TAT ACT AAA TTT CAG GAT ACA TCG AAA CTA GAA TGG TTT TGC AGG ACG TCA AAT CAC AAA AAG TTC AAG TCA CAT AGT TTA TTA AAA GCA GTA AGA AAT CCA ACG GAA ACA AGA ATA GAG ACA CAA ACT CTG TAT TTT ACG GAT CTC ACC AAC GGC AAA TGT GGA TTA ATT CAA CTA TTA TAT TCC AGT GTT ATG GGC GGT ATA TAC AAA GGT TTT CAG TTA AAT TTC AAA ATA TTT AAA GCC AGC AGT GAG GAA AAC TCT GAA GAA GAC ATT GAT ATA TGG GAA AGC TTT AAA ATT GAT AAT ATC AAA GAT TTT GAT ACG TTA AAA GTT GAA TCG GAC AAT GTT ACG TTT CAC TTC GTA CCT TTG GAA AAT TCT TCC TCC AGT GGA TTT GCT CAA TTA TTA ATT AAG ATA GAT ATT CCG AAG GGA AGT ACA AGC TGT TTA CTA AAA GAT TTG AAG GTT GAC ATT ACC GTA AAT TTA CAA GAA GGA TTC ATA ATA AAC CCG GAC GGT TCC AAT TAT TAC CTT GAC AAG AGC ATC AGC TTG GAA GAG TTA GCA AAA AGA GAC TCT TCT AGT ACG TCC AGA AAA ATG ATA AGA CAT GTT TTT GTT CCT AGA GGT TTT TGC AAT GGT ACC ATC TCA TAC AAG AAA AAC GAT AAA CCT GTG AAG CTG GAC TTG AAG GAC ACG CCT ATG TTG TAT CTG GAT GCT GTC CAG GGG CTA ATA CCC AAT AAG GCG GCT AGT AAA TGG AAT TTT CTT TGT TTC AAT GGT GAG AAG CGT TCG ATG ATG TGT ATT GAA TTC ACC ACA ACA AAA GAA TAT GGC AGC ACT ACA GTG ACT ATA TGG GCG GTT AGT GAT AAG GAC AAA ATT TTG GAG GTC GGG TCA AGT GTA AAT GAT CAT GCT GTT AAA TTT CCA TCT ACA AAA GAG GAT AAG CAA AAT GGT TGG AAA TAT CCT ACA TCC ATT TCA TTT CCG CGT GGT TTT GAA GAA TCT AAT TTA AGA TTA GTC AAT AGG TAC GAT ATA ATG AGT GAG CTG CCC GCT TTC ATT AGG TCT ATT GCT GAA AAT CTG GCA AAC ATG AAG CCA TTC ATT TAC CAA TTC TGC CAG AAG TCT AAA TTC GAT GAC GAT GAA GGA GTT TCC ATC ATT GAA AGT ACA TTT ATC AAT	407	0.363636	0.184174	0.933824	0.195612	false	L4_longer	drop_stop	balanced	low_regularity	q1	100	0.193889	0.219334	true
scerevisiae	lcl|BK006939.2_cds_DAA07815.1_1693	ATGTTCAAACTCACCTCTCGACTCGTCACGTCAAGGTTTGCTGCCTCTTCCAGACTGGCCACCGCTCGAACCATAGTATTGCCCCGGCCCCATCCGTCATGGATCTCTTTTCAGGCCAAAAGATTTAATTCGACGGGCCCAAATGCCAACGATGTCTCGGAAATCCAAACCCAGTTGCCTTCCATCGATGAATTAACCTCTTCAGCTCCTTCTCTTTCCGCTTCTACTTCGGACCTTATCGCTAACACGACCCAAACAGTGGGCGAGTTGTCCTCCCATATAGGGTACTTAAATAGCATTGGCCTGGCCCAAACCTGGTACTGGCCCTCGGACATTATCCAACACGTCTTGGAGGCCGTTCATGTTTACTCTGGGTTGCCTTGGTGGGGAACTATCGCGGCCACCACCATCCTCATTCGATGCCTGATGTTTCCCCTCTATGTCAAGTCCTCTGATACTGTTGCTAGAAATTCCCATATCAAGCCCGAGCTGGACGCCTTGAATAATAAGCTAATGTCCACTACAGATTTGCAACAAGGTCAGCTAGTCGCCATGCAAAGGAAAAAACTGCTCTCCTCGCACGGCATTAAGAACAGATGGCTGGCCGCACCCATGCTACAAATTCCAATCGCCCTTGGGTTTTTCAACGCATTGAGACACATGGCTAACTACCCAGTAGATGGGTTCGCTAATCAAGGTGTCGCTTGGTTTACAGACTTGACTCAAGCAGACCCTTACTTAGGTTTGCAAGTAATCACTGCCGCTGTGTTCATCTCATTTACAAGGCTGGGGGGTGAGACTGGTGCTCAACAATTCAGTTCTCCCATGAAGCGTCTTTTCACTATTCTACCGATCATTTCTATACCGGCCACAATGAACTTATCGTCCGCTGTGGTCCTCTACTTTGCCTTTAATGGTGCCTTCTCCGTCCTACAGACAATGATTTTGAGAAACAAATGGGTTCGTTCGAAACTGAAGATAACAGAAGTAGCTAAACCAAGGACTCCTATCGCTGGCGCTTCCCCCACAGAGAACATGGGCATCTTCCAATCATTAAAACATAACATTCAAAAGGCAAGAGATCAGGCGGAAAGAAGGCAATTGATGCAAGATAATGAGAAGAAGTTACAAGAAAGCTTCAAGGAGAAGAGGCAGAATTCCAAAATCAAAATTGTTCACAAATCAAACTTCATTAATAACAAAAAATGA	ATG TTC AAA CTC ACC TCT CGA CTC GTC ACG TCA AGG TTT GCT GCC TCT TCC AGA CTG GCC ACC GCT CGA ACC ATA GTA TTG CCC CGG CCC CAT CCG TCA TGG ATC TCT TTT CAG GCC AAA AGA TTT AAT TCG ACG GGC CCA AAT GCC AAC GAT GTC TCG GAA ATC CAA ACC CAG TTG CCT TCC ATC GAT GAA TTA ACC TCT TCA GCT CCT TCT CTT TCC GCT TCT ACT TCG GAC CTT ATC GCT AAC ACG ACC CAA ACA GTG GGC GAG TTG TCC TCC CAT ATA GGG TAC TTA AAT AGC ATT GGC CTG GCC CAA ACC TGG TAC TGG CCC TCG GAC ATT ATC CAA CAC GTC TTG GAG GCC GTT CAT GTT TAC TCT GGG TTG CCT TGG TGG GGA ACT ATC GCG GCC ACC ACC ATC CTC ATT CGA TGC CTG ATG TTT CCC CTC TAT GTC AAG TCC TCT GAT ACT GTT GCT AGA AAT TCC CAT ATC AAG CCC GAG CTG GAC GCC TTG AAT AAT AAG CTA ATG TCC ACT ACA GAT TTG CAA CAA GGT CAG CTA GTC GCC ATG CAA AGG AAA AAA CTG CTC TCC TCG CAC GGC ATT AAG AAC AGA TGG CTG GCC GCA CCC ATG CTA CAA ATT CCA ATC GCC CTT GGG TTT TTC AAC GCA TTG AGA CAC ATG GCT AAC TAC CCA GTA GAT GGG TTC GCT AAT CAA GGT GTC GCT TGG TTT ACA GAC TTG ACT CAA GCA GAC CCT TAC TTA GGT TTG CAA GTA ATC ACT GCC GCT GTG TTC ATC TCA TTT ACA AGG CTG GGG GGT GAG ACT GGT GCT CAA CAA TTC AGT TCT CCC ATG AAG CGT CTT TTC ACT ATT CTA CCG ATC ATT TCT ATA CCG GCC ACA ATG AAC TTA TCG TCC GCT GTG GTC CTC TAC TTT GCC TTT AAT GGT GCC TTC TCC GTC CTA CAG ACA ATG ATT TTG AGA AAC AAA TGG GTT CGT TCG AAA CTG AAG ATA ACA GAA GTA GCT AAA CCA AGG ACT CCT ATC GCT GGC GCT TCC CCC ACA GAG AAC ATG GGC ATC TTC CAA TCA TTA AAA CAT AAC ATT CAA AAG GCA AGA GAT CAG GCG GAA AGA AGG CAA TTG ATG CAA GAT AAT GAG AAG AAG TTA CAA GAA AGC TTC AAG GAG AAG AGG CAG AAT TCC AAA ATC AAA ATT GTT CAC AAA TCA AAC TTC ATT AAT AAC AAA AAA	402	0.466833	0.186275	0.943627	0.211485	false	L4_longer	drop_stop	balanced	low_regularity	q1	100	0.193889	0.219334	true
scerevisiae	lcl|BK006936.2_cds_DAA07107.1_192	ATGGTTAAAATGAGAAGAATAACACCTACACGCCTCCTATTCACATGCAGATATATTTCAAACAATGCTTCTCCACCAGTGCAGCCCTTGAATGTGCTTTTCTTTGGTAGCGACACTTTCAGTAATTTCTCATTGCAAGCACTCAATGAGTTGCGTCAAAATAATGGAAGCTGTGGTATAGTGGACAATATTCAAGTAGTAACTAGGTCGCCGAAGTGGTGCGGTAGACAGAAGTCTATTTTGAAATACCCGCCGATCTTCGATATGGCAGAGAAGCTTCAATTGCCACGCCCAATTACATGCGACACCAAGCAGGAAATGTTGGCGCTAAGCAAACTGACACCCAGTCGCCAAGGAAATCCGGAGAACGACGGCTCCGGTGCTCCGTTCAACGCGATCATTGCGGTTTCTTTTGGGAAGCTCATTCCGGGTGACTTGATCCGCGCGGTGCCATTGGCGCTAAACGTCCATCCTTCGCTACTTCCCAGACATAAAGGCAGTGCACCTATCCAGCGAGCTCTGCTCGAGGGTGACACTTACACCGGTGTAACTATACAGACACTGCATCCGGATCGGTTTGACCATGGTGCAATTGTAGCGCAGACGGAGCCACTGGCGATCGCAACAATGCTGTCAAAAGGGAGAGTCAATGATTCGACGGCAGATTTTAATTCTGAGGGCCTGCCTCGGAGGACTGCCATACTGATGGACCAGTTGGGCGCCCTTGGCGCCCAACTTTTGGGCCAAACGCTTCGTGAGAGGTTATATCTACCACAGAACCGTGTGCAAGCGCCAACAGCTTACAAACCCAGTTACGCCCACCGTATAACAACAGAAGATAAACGCATTCATTGGGCGCGCGATTCTGCCGCCGAACTACTTAACAAACTCGAAACGCTCGGTCCTCTGCACGCGTTCAAAGAAGCGACAGCGGCAAGAAAGGACGCTCAAAATTCAGTATTAAAACGAATATTGTTTCATGAGTGTAAAGTGATGAGAGACGCACGTCTAGATAATGGCAGTAAACCGGGCATGTTCAAATATGATGATATTAAAGACTGTATTTTGGTCACCTGTCGCGGCAACTTACTACTATGTGTGAGCCGCCTCCAGTTCGAAGGTTTCGCCGTAGAACGTGCTGGCCAGTTCATGGCGCGCCTGCGGAAAAGATGCGGCGCCCTGAGTGAAAAGTTAGTTTTCCTGTAA	ATG GTT AAA ATG AGA AGA ATA ACA CCT ACA CGC CTC CTA TTC ACA TGC AGA TAT ATT TCA AAC AAT GCT TCT CCA CCA GTG CAG CCC TTG AAT GTG CTT TTC TTT GGT AGC GAC ACT TTC AGT AAT TTC TCA TTG CAA GCA CTC AAT GAG TTG CGT CAA AAT AAT GGA AGC TGT GGT ATA GTG GAC AAT ATT CAA GTA GTA ACT AGG TCG CCG AAG TGG TGC GGT AGA CAG AAG TCT ATT TTG AAA TAC CCG CCG ATC TTC GAT ATG GCA GAG AAG CTT CAA TTG CCA CGC CCA ATT ACA TGC GAC ACC AAG CAG GAA ATG TTG GCG CTA AGC AAA CTG ACA CCC AGT CGC CAA GGA AAT CCG GAG AAC GAC GGC TCC GGT GCT CCG TTC AAC GCG ATC ATT GCG GTT TCT TTT GGG AAG CTC ATT CCG GGT GAC TTG ATC CGC GCG GTG CCA TTG GCG CTA AAC GTC CAT CCT TCG CTA CTT CCC AGA CAT AAA GGC AGT GCA CCT ATC CAG CGA GCT CTG CTC GAG GGT GAC ACT TAC ACC GGT GTA ACT ATA CAG ACA CTG CAT CCG GAT CGG TTT GAC CAT GGT GCA ATT GTA GCG CAG ACG GAG CCA CTG GCG ATC GCA ACA ATG CTG TCA AAA GGG AGA GTC AAT GAT TCG ACG GCA GAT TTT AAT TCT GAG GGC CTG CCT CGG AGG ACT GCC ATA CTG ATG GAC CAG TTG GGC GCC CTT GGC GCC CAA CTT TTG GGC CAA ACG CTT CGT GAG AGG TTA TAT CTA CCA CAG AAC CGT GTG CAA GCG CCA ACA GCT TAC AAA CCC AGT TAC GCC CAC CGT ATA ACA ACA GAA GAT AAA CGC ATT CAT TGG GCG CGC GAT TCT GCC GCC GAA CTA CTT AAC AAA CTC GAA ACG CTC GGT CCT CTG CAC GCG TTC AAA GAA GCG ACA GCG GCA AGA AAG GAC GCT CAA AAT TCA GTA TTA AAA CGA ATA TTG TTT CAT GAG TGT AAA GTG ATG AGA GAC GCA CGT CTA GAT AAT GGC AGT AAA CCG GGC ATG TTC AAA TAT GAT GAT ATT AAA GAC TGT ATT TTG GTC ACC TGT CGC GGC AAC TTA CTA CTA TGT GTG AGC CGC CTC CAG TTC GAA GGT TTC GCC GTA GAA CGT GCT GGC CAG TTC ATG GCG CGC CTG CGG AAA AGA TGC GGC GCC CTG AGT GAA AAG TTA GTT TTC CTG	401	0.492103	0.205882	0.919118	0.120168	false	L4_longer	drop_stop	balanced	mid_regularity	q2	100	0.193889	0.219334	true
scerevisiae	lcl|BK006945.2_cds_DAA09720.1_4072	ATGGCGAACTCATTAGACAGACTGAGAGAACACTTAAAGAACGGCGATAAACTGGTTCTAAAAAATAATGAGGGACAGTCTACTGATGATATTACGAAAGCAACCATGGTAGAAACTCTATCCAGTGATGGTAGTACCCAAGATAGTTTTCCATTGAATGAAGAAACGGAAATTGAGATTGATGGTTCATTGGTACAGTTACGAATAATTGTTCATTGTTGGATGAATAAGGACTCAAGTGCCGCAGACTATCTAGCAGACTGTCAGAATAAACAATTGACTAATGTTTCATTTTTACAAAGAACTGATTTAATAAATTGGTTGTCTGGCAATACGGAATCATCCCAATATCTGAAAGCACCCGGTCAGAAAGGCGAGACATCCGATAAAGTAGATATAGAAAATAAAACTTTGGCTGGTGAATTGTCGACTGTAAAATCAACCACTTCAGCATCTCTTGAAAATGATAGTGAAGTTTCCGATCCAGTTGTGGTGGAAACAATGAAACATGAACGTATATTGGTGGACCACAACTCTGCATTGCGTGGTGCTAAGCCGATCAACTTTGGTTATCTAATAAAAGATGCAGAACTAAAATTAGTACAGTCGATCAAAGGATCTTTACGAGGATCTAAATTGCCTCCCGGTCATAAGGGCGCGCACGGTCGTATTTCCAAAACAAATGGTTCATCAGGTGGCCCTCGCAAAGATCCAATTATTTTGATTCCTTCGGCTGCGTCATCAATTTTAACTGTTGCAAATATAAAACAGTTCCTGCTGGAGTCAAAATACGTGAATCCTCGTAACTTACCGTCAGTGCCAAACGGATTAGTTAACATAGAGAAAAACTTCGAACGTATATCAAGACCAATTAGATTTATTATAGTCGATAACACTAGGATGTTTACTAAGCCAGAATATTGGGACAGAGTTGTCGCTATCTTCACTACTGGTCATACGTGGCAGTTTAATAACTATCAGTGGAATTCGCCACAGGAATTATTTCAACGCTGCAAAGGCTACTATTTCCACTTTGCCGGTGATTCTGTACCACAACACGTGCAGCAATGGAATGTAGAAAAGGTCGAACTTGACAAAAATAAAAGATTTAAGGATGTGGAAGTCGTGCGTTATTTCTGGCATAGTTTAGAAAAGGAACTTATTTCAAGAGGATACCGTTGA	ATG GCG AAC TCA TTA GAC AGA CTG AGA GAA CAC TTA AAG AAC GGC GAT AAA CTG GTT CTA AAA AAT AAT GAG GGA CAG TCT ACT GAT GAT ATT ACG AAA GCA ACC ATG GTA GAA ACT CTA TCC AGT GAT GGT AGT ACC CAA GAT AGT TTT CCA TTG AAT GAA GAA ACG GAA ATT GAG ATT GAT GGT TCA TTG GTA CAG TTA CGA ATA ATT GTT CAT TGT TGG ATG AAT AAG GAC TCA AGT GCC GCA GAC TAT CTA GCA GAC TGT CAG AAT AAA CAA TTG ACT AAT GTT TCA TTT TTA CAA AGA ACT GAT TTA ATA AAT TGG TTG TCT GGC AAT ACG GAA TCA TCC CAA TAT CTG AAA GCA CCC GGT CAG AAA GGC GAG ACA TCC GAT AAA GTA GAT ATA GAA AAT AAA ACT TTG GCT GGT GAA TTG TCG ACT GTA AAA TCA ACC ACT TCA GCA TCT CTT GAA AAT GAT AGT GAA GTT TCC GAT CCA GTT GTG GTG GAA ACA ATG AAA CAT GAA CGT ATA TTG GTG GAC CAC AAC TCT GCA TTG CGT GGT GCT AAG CCG ATC AAC TTT GGT TAT CTA ATA AAA GAT GCA GAA CTA AAA TTA GTA CAG TCG ATC AAA GGA TCT TTA CGA GGA TCT AAA TTG CCT CCC GGT CAT AAG GGC GCG CAC GGT CGT ATT TCC AAA ACA AAT GGT TCA TCA GGT GGC CCT CGC AAA GAT CCA ATT ATT TTG ATT CCT TCG GCT GCG TCA TCA ATT TTA ACT GTT GCA AAT ATA AAA CAG TTC CTG CTG GAG TCA AAA TAC GTG AAT CCT CGT AAC TTA CCG TCA GTG CCA AAC GGA TTA GTT AAC ATA GAG AAA AAC TTC GAA CGT ATA TCA AGA CCA ATT AGA TTT ATT ATA GTC GAT AAC ACT AGG ATG TTT ACT AAG CCA GAA TAT TGG GAC AGA GTT GTC GCT ATC TTC ACT ACT GGT CAT ACG TGG CAG TTT AAT AAC TAT CAG TGG AAT TCG CCA CAG GAA TTA TTT CAA CGC TGC AAA GGC TAC TAT TTC CAC TTT GCC GGT GAT TCT GTA CCA CAA CAC GTG CAG CAA TGG AAT GTA GAA AAG GTC GAA CTT GAC AAA AAT AAA AGA TTT AAG GAT GTG GAA GTC GTG CGT TAT TTC TGG CAT AGT TTA GAA AAG GAA CTT ATT TCA AGA GGA TAC CGT	393	0.388465	0.207500	0.915000	0.164762	false	L4_longer	drop_stop	balanced	mid_regularity	q3	100	0.193889	0.219334	true
scerevisiae	lcl|BK006944.2_cds_DAA09080.1_3416	ATGAGATTTCACGATAGTATACTTATCTTCTTTTCTTTGGCATCGCTTTATCAACATGTTCATGGTGCAAGACAAGTCGTTCGTCCAAAGGAGAAAATGACTACTTCAGAAGAAGTTAAACCTTGGTTACGTACGGTTTATGGAAGTCAAAAAGAATTAGTCACTCCTACGGTCATTGCCGGTGTCACTTTTTCTGAAAAACCAGAAGAAACACCAAATCCATTGAAACCTTGGGTATCTTTAGAGCATGATGGTAGGCCAAAAACCATTAAACCAGAAATCAACAAAGGTCGAACCAAGAAGGGAAGACCTGATTACTCAACTTACTTCAAAACGGTAAGTTCCCACACATATTCTTATGAAGAATTGAAGGCTCACAATATGGGCCCTAATGAAGTTTTTGTAGAAGAAGAGTATATTGATGAAGATGACACCTACGTCTCCCTGAATCCTATTGTCAGATGTACTCCTAATCTTTACTTCAATAAAGGTCTAGCAAAGGATATCCGCAGTGAGCCATTTTGTACCCCTTATGAGAATTCTAGATGGAAGGTTGACAAGACTTACTTCGTTACTTGGTATACAAGATTTTTTACAGATGAGAATTCCGGTAAAGTTGCTGATAAGGTTCGTGTTCATTTGTCCTATGTTAAAGAAAACCCCGTAGAGAAGGGCAATTATAAAAGAGATATCCCTGCAACTTTTTTCTCTTCCGAATGGATTGATAATGACAACGGTCTAATGCCGGTTGAGGTCAGAGATGAATGGCTGCAGGACCAATTTGATCGTAGGATCGTTGTATCAGTTCAGCCAATATACATATCAGATGAAGATTTCGATCCACTACAATACGGTATTTTATTATACATCACTAAGGGTTCAAAAGTGTTTAAGCCTACTAAGGAGCAACTGGCTTTAGACGATGCAGGTATAACAAATGATCAGTGGTATTATGTTGCATTATCTATCCCTACTGTCGTGGTGGTATTTTTCGTCTTCATGTACTTTTTCTTATATGTCAACGGGAAAAACAGAGATTTCACAGATGTTACTAGAAAAGCTTTAAACAAGAAACGCCGTGTTTTGGGTAAGTTCTCGGAGATGAAGAAATTCAAAAACATGAAAAATCACAAGTACACCGAATTGCCATCTTATAAGAAAACCAGTAAACAAAATTAG	ATG AGA TTT CAC GAT AGT ATA CTT ATC TTC TTT TCT TTG GCA TCG CTT TAT CAA CAT GTT CAT GGT GCA AGA CAA GTC GTT CGT CCA AAG GAG AAA ATG ACT ACT TCA GAA GAA GTT AAA CCT TGG TTA CGT ACG GTT TAT GGA AGT CAA AAA GAA TTA GTC ACT CCT ACG GTC ATT GCC GGT GTC ACT TTT TCT GAA AAA CCA GAA GAA ACA CCA AAT CCA TTG AAA CCT TGG GTA TCT TTA GAG CAT GAT GGT AGG CCA AAA ACC ATT AAA CCA GAA ATC AAC AAA GGT CGA ACC AAG AAG GGA AGA CCT GAT TAC TCA ACT TAC TTC AAA ACG GTA AGT TCC CAC ACA TAT TCT TAT GAA GAA TTG AAG GCT CAC AAT ATG GGC CCT AAT GAA GTT TTT GTA GAA GAA GAG TAT ATT GAT GAA GAT GAC ACC TAC GTC TCC CTG AAT CCT ATT GTC AGA TGT ACT CCT AAT CTT TAC TTC AAT AAA GGT CTA GCA AAG GAT ATC CGC AGT GAG CCA TTT TGT ACC CCT TAT GAG AAT TCT AGA TGG AAG GTT GAC AAG ACT TAC TTC GTT ACT TGG TAT ACA AGA TTT TTT ACA GAT GAG AAT TCC GGT AAA GTT GCT GAT AAG GTT CGT GTT CAT TTG TCC TAT GTT AAA GAA AAC CCC GTA GAG AAG GGC AAT TAT AAA AGA GAT ATC CCT GCA ACT TTT TTC TCT TCC GAA TGG ATT GAT AAT GAC AAC GGT CTA ATG CCG GTT GAG GTC AGA GAT GAA TGG CTG CAG GAC CAA TTT GAT CGT AGG ATC GTT GTA TCA GTT CAG CCA ATA TAC ATA TCA GAT GAA GAT TTC GAT CCA CTA CAA TAC GGT ATT TTA TTA TAC ATC ACT AAG GGT TCA AAA GTG TTT AAG CCT ACT AAG GAG CAA CTG GCT TTA GAC GAT GCA GGT ATA ACA AAT GAT CAG TGG TAT TAT GTT GCA TTA TCT ATC CCT ACT GTC GTG GTG GTA TTT TTC GTC TTC ATG TAC TTT TTC TTA TAT GTC AAC GGG AAA AAC AGA GAT TTC ACA GAT GTT ACT AGA AAA GCT TTA AAC AAG AAA CGC CGT GTT TTG GGT AAG TTC TCG GAG ATG AAG AAA TTC AAA AAC ATG AAA AAT CAC AAG TAC ACC GAA TTG CCA TCT TAT AAG AAA ACC AGT AAA CAA AAT	392	0.375850	0.198980	0.908163	0.206997	false	L4_longer	drop_stop	balanced	mid_regularity	q2	100	0.193889	0.219334	true
scerevisiae	lcl|BK006946.2_cds_DAA09922.1_4276	ATGGGCATAGTTTTGAAAAGAGCAATAGCAGCAGGTATGAAACCTTTTCCAAACAGTACGTGGCATTGGAGCCGAACCATAAGACCTTTCTCACAGCATTTGTCTAGCACATGCTTTCTGCAGCAATCCTCGAGATTTACTTCAAAACGATACCTACACCTTTCAACATTAACACAACAAGAAAAGCGCTTCCTACCCGAATCTGAACTTGCTAAATATAAGGAATACTACCAGGGTTTGAAGAGCACTGTAAATGAAATACCTGAATCAGTGGCCTCTAAGTCACCTTCGTTAAGAACGCTTCATAAGAGATTACAATTACCTAATGAGTTGACCTATTCAACACTTTCCAGATGCTTAACGTGTCCCTCTGCAAAACTACCCGACAAGATAAATAATCCTACAAAAGGTGCAGCTTTCGTTAATACTGTACCTACTAATAAATACTTGGACAACCACGGTTTAAACATCATGGGAAAGAACTTGCTCTCTTACCACGTTACAAAATCCATTATACAGAAATATCCGAGACTACCCACTGTGGTTTTGAATGCTGCGGTTAACGCATATATATCAGAGGCGGTACTGGCGCACATTGCTAAATACTGGGGTATTGAAGTAGAAACTACGTCTGTTTTATCACGCTATTTGAAAATGGAACCATTCGAATTCACTTTGGGAAGACTCAAATTCTTTAATAATTCATTGAACTCTAAGGACGGTATTGAGCTAATCACCGGAAAGAACTTTTCAGAAACAAGCGCTCTTGCAATGAGCGTGAGGAGTATAATAGCTGCCATCTGGGCAGTAACGGAGCAAAAAGATTCTCAAGCTGTTTACAGATTTATTGATGATCATATAATGAGCAGGAAATTGGATATCACGAAAATGTTCCAGTTTGAACAACCTACAAGAGAATTGGCTATGCTATGTCGTAGAGAGGGGCTGGAGAAACCTGTATCGAAACTGGTCGCTGAGTCTGGTAGACTATCGAAATCACCTGTCTTTATTGTGCATGTATTTTCAGGCGAAGAGACATTAGGTGAAGGTTATGGTTCCTCATTAAAGGAGGCAAAAGCAAGAGCCGCTACTGATGCTTTGATGAAATGGTATTGCTACGAGCCTCTTGCTCAACAGGAACCAGTTATTGATCCTGGCACTGTTGTTGTTTAG	ATG GGC ATA GTT TTG AAA AGA GCA ATA GCA GCA GGT ATG AAA CCT TTT CCA AAC AGT ACG TGG CAT TGG AGC CGA ACC ATA AGA CCT TTC TCA CAG CAT TTG TCT AGC ACA TGC TTT CTG CAG CAA TCC TCG AGA TTT ACT TCA AAA CGA TAC CTA CAC CTT TCA ACA TTA ACA CAA CAA GAA AAG CGC TTC CTA CCC GAA TCT GAA CTT GCT AAA TAT AAG GAA TAC TAC CAG GGT TTG AAG AGC ACT GTA AAT GAA ATA CCT GAA TCA GTG GCC TCT AAG TCA CCT TCG TTA AGA ACG CTT CAT AAG AGA TTA CAA TTA CCT AAT GAG TTG ACC TAT TCA ACA CTT TCC AGA TGC TTA ACG TGT CCC TCT GCA AAA CTA CCC GAC AAG ATA AAT AAT CCT ACA AAA GGT GCA GCT TTC GTT AAT ACT GTA CCT ACT AAT AAA TAC TTG GAC AAC CAC GGT TTA AAC ATC ATG GGA AAG AAC TTG CTC TCT TAC CAC GTT ACA AAA TCC ATT ATA CAG AAA TAT CCG AGA CTA CCC ACT GTG GTT TTG AAT GCT GCG GTT AAC GCA TAT ATA TCA GAG GCG GTA CTG GCG CAC ATT GCT AAA TAC TGG GGT ATT GAA GTA GAA ACT ACG TCT GTT TTA TCA CGC TAT TTG AAA ATG GAA CCA TTC GAA TTC ACT TTG GGA AGA CTC AAA TTC TTT AAT AAT TCA TTG AAC TCT AAG GAC GGT ATT GAG CTA ATC ACC GGA AAG AAC TTT TCA GAA ACA AGC GCT CTT GCA ATG AGC GTG AGG AGT ATA ATA GCT GCC ATC TGG GCA GTA ACG GAG CAA AAA GAT TCT CAA GCT GTT TAC AGA TTT ATT GAT GAT CAT ATA ATG AGC AGG AAA TTG GAT ATC ACG AAA ATG TTC CAG TTT GAA CAA CCT ACA AGA GAA TTG GCT ATG CTA TGT CGT AGA GAG GGG CTG GAG AAA CCT GTA TCG AAA CTG GTC GCT GAG TCT GGT AGA CTA TCG AAA TCA CCT GTC TTT ATT GTG CAT GTA TTT TCA GGC GAA GAG ACA TTA GGT GAA GGT TAT GGT TCC TCA TTA AAG GAG GCA AAA GCA AGA GCC GCT ACT GAT GCT TTG ATG AAA TGG TAT TGC TAC GAG CCT CTT GCT CAA CAG GAA CCA GTT ATT GAT CCT GGC ACT GTT GTT GTT	390	0.405128	0.193878	0.929422	0.142371	false	L4_longer	drop_stop	balanced	low_regularity	q1	100	0.193889	0.219334	true
scerevisiae	lcl|BK006940.2_cds_DAA12410.1_1770	ATGACTAAATCTGTAGATACGCTGCTGATCCCAGGCCCCATTATCCTAAGCGGAGCAGTCCAGAAGGCCCTGGACGTTCCCTCTTTGGGCCACACCTCTCCTGAGTTCGTCTCTATTTTTCAAAGGGTGCTAAAGAACACAAGAGCTGTCTTCAAATCCGCTGCTGCCTCGAAGTCTCAGCCTTTTGTGCTTGCCGGCTCTGGTACGTTGGGGTGGGACATATTTGCCTCGAACTTTATTCTTTCGAAGGCCCCCAACAAGAACGTGCTGGTCGTATCCACTGGGACATTTTCTGACAGGTTTGCTGACTGTCTGCGTAGCTACGGTGCGCAAGTAGATGTTGTTAGGCCCCTCAAGATAGGCGAATCAGTTCCCTTAGAACTGATTACTGAAAAGTTGTCGCAAAATAGCTATGGGGCTGTCACGGTTACGCACGTTGACACTTCAACGGCAGTGCTGTCCGATCTGAAAGCCATTTCGCAAGCGATTAAGCAGACTTCGCCGGAAACGTTCTTCGTAGTCGATGCTGTATGCTCGATTGGATGCGAAGAGTTTGAATTTGATGAATGGGGGGTGGATTTCGCCTTGACTGCTTCGCAAAAGGCTATTGGCGCTCCAGCGGGTCTTTCTATCTCGCTATGCAGTAGCAGATTCATGGATTATGCACTCAACGACAGCAAAAATGGTCATGTACATGGGTATTTTTCCTCGTTGAGAAGATGGACACCAATAATGGAAAATTATGAGGCTGGTAAAGGAGCTTATTTTGCAACCCCACCCGTACAACTAATTAATAGCCTTGATGTAGCCTTGAAAGAAATTCTCGAAGAGGGGTTGCATAAGAGATGGGATTTGCACCGTGAAATGAGTGATTGGTTTAAAGACAGTTTGGTTAATGGCTTGCAATTGACATCCGTCAGTAGGTATCCTTCTAACATGTCTGCGCACGGGTTGACAGCCGTATACGTAGCAGATCCTCCTGATGTCATTGCTTTTTTAAAGTCACACGGTGTAGTCATTGCCGGAGGTATTCACAAGGACATCGGACCCAAGTATATCCGTATTGGACATATGGGTGTGACCGCTTGCAACAAGAATTTACCGTACATGAAGAACTGCTTCGACTTAATAAAACTAGCTCTTCAGAGGAAAAAGTGA	ATG ACT AAA TCT GTA GAT ACG CTG CTG ATC CCA GGC CCC ATT ATC CTA AGC GGA GCA GTC CAG AAG GCC CTG GAC GTT CCC TCT TTG GGC CAC ACC TCT CCT GAG TTC GTC TCT ATT TTT CAA AGG GTG CTA AAG AAC ACA AGA GCT GTC TTC AAA TCC GCT GCT GCC TCG AAG TCT CAG CCT TTT GTG CTT GCC GGC TCT GGT ACG TTG GGG TGG GAC ATA TTT GCC TCG AAC TTT ATT CTT TCG AAG GCC CCC AAC AAG AAC GTG CTG GTC GTA TCC ACT GGG ACA TTT TCT GAC AGG TTT GCT GAC TGT CTG CGT AGC TAC GGT GCG CAA GTA GAT GTT GTT AGG CCC CTC AAG ATA GGC GAA TCA GTT CCC TTA GAA CTG ATT ACT GAA AAG TTG TCG CAA AAT AGC TAT GGG GCT GTC ACG GTT ACG CAC GTT GAC ACT TCA ACG GCA GTG CTG TCC GAT CTG AAA GCC ATT TCG CAA GCG ATT AAG CAG ACT TCG CCG GAA ACG TTC TTC GTA GTC GAT GCT GTA TGC TCG ATT GGA TGC GAA GAG TTT GAA TTT GAT GAA TGG GGG GTG GAT TTC GCC TTG ACT GCT TCG CAA AAG GCT ATT GGC GCT CCA GCG GGT CTT TCT ATC TCG CTA TGC AGT AGC AGA TTC ATG GAT TAT GCA CTC AAC GAC AGC AAA AAT GGT CAT GTA CAT GGG TAT TTT TCC TCG TTG AGA AGA TGG ACA CCA ATA ATG GAA AAT TAT GAG GCT GGT AAA GGA GCT TAT TTT GCA ACC CCA CCC GTA CAA CTA ATT AAT AGC CTT GAT GTA GCC TTG AAA GAA ATT CTC GAA GAG GGG TTG CAT AAG AGA TGG GAT TTG CAC CGT GAA ATG AGT GAT TGG TTT AAA GAC AGT TTG GTT AAT GGC TTG CAA TTG ACA TCC GTC AGT AGG TAT CCT TCT AAC ATG TCT GCG CAC GGG TTG ACA GCC GTA TAC GTA GCA GAT CCT CCT GAT GTC ATT GCT TTT TTA AAG TCA CAC GGT GTA GTC ATT GCC GGA GGT ATT CAC AAG GAC ATC GGA CCC AAG TAT ATC CGT ATT GGA CAT ATG GGT GTG ACC GCT TGC AAC AAG AAT TTA CCG TAC ATG AAG AAC TGC TTC GAC TTA ATA AAA CTA GCT CTT CAG AGG AAA AAG	385	0.467532	0.209184	0.918367	0.122157	false	L4_longer	drop_stop	balanced	mid_regularity	q3	100	0.193889	0.219334	true
scerevisiae	lcl|BK006949.2_cds_DAA11542.1_5931	ATGTCGCAGTACATCGGTAAAACTATTTCTTTAATCTCTGTGACTGACAACAGATATGTGGGGCTGTTAGAAGATATTGACTCTGAAAAGGGTACCGTGACTTTGAAAGAAGTTCGCTGTTTTGGTACAGAAGGTCGCAAGAACTGGGGTCCTGAAGAAATTTATCCGAATCCTACGGTATACAATTCTGTAAAGTTCAACGGCAGTGAAGTCAAGGATTTAAGCATTTTAGATGCTAACATCAATGACATACAGCCGGTTGTTCCTCAAATGATGCCACCCGCTTCACAATTCCCTCCTCAACAAGCTCAATCTCCACCCCAGGCTCAAGCTCAAGCACACGTGCAAACAAACCCCCAAGTTCCAAAGCCCGAATCCAATGTGCCAGCAGCTGTCGCTGGATATGGTGTTTACACCCCAACTTCGACAGAAACCGCTACTGCTAGTATGAATGATAAGAGCACTCCTCAAGACACCAATGTAAACTCGCAAAGTAGGGAAAGAGGTAAAAATGGTGAAAATGAGCCAAAATATCAAAGAAACAAGAATAGATCAAGTAATCGCCCTCCTCAATCCAACCGCAATTTCAAAGTCGATATTCCGAATGAAGATTTTGACTTTCAATCAAATAATGCAAAATTCACGAAAGGTGATTCCACTGATGTGGAAAAAGAAAAAGAATTAGAATCAGCTGTTCACAAGCAGGATGAATCTGATGAGCAGTTTTATAATAAAAAATCGTCTTTTTTCGACACCATCTCCACTTCTACTGAAACTAATACCAATATGAGATGGCAAGAAGAAAAAATGTTGAACGTTGACACCTTTGGACAAGCTTCTGCCAGACCAAGATTTCACTCTAGAGGCCTCGGTCGTGGGCGTGGAAATTATAGGGGAAACAGAGGAAACAGAGGAAGAGGCGGCCAACGTGGAAACTACCAAAACAGAAATAACTACCAAAATGATAGTGGCGCCTATCAGAACCAAAACGACTCGTACAGCAGACCAGCCAACCAGTTTTCGCAACCTCCTTCCAACGTTGAATTTTAA	ATG TCG CAG TAC ATC GGT AAA ACT ATT TCT TTA ATC TCT GTG ACT GAC AAC AGA TAT GTG GGG CTG TTA GAA GAT ATT GAC TCT GAA AAG GGT ACC GTG ACT TTG AAA GAA GTT CGC TGT TTT GGT ACA GAA GGT CGC AAG AAC TGG GGT CCT GAA GAA ATT TAT CCG AAT CCT ACG GTA TAC AAT TCT GTA AAG TTC AAC GGC AGT GAA GTC AAG GAT TTA AGC ATT TTA GAT GCT AAC ATC AAT GAC ATA CAG CCG GTT GTT CCT CAA ATG ATG CCA CCC GCT TCA CAA TTC CCT CCT CAA CAA GCT CAA TCT CCA CCC CAG GCT CAA GCT CAA GCA CAC GTG CAA ACA AAC CCC CAA GTT CCA AAG CCC GAA TCC AAT GTG CCA GCA GCT GTC GCT GGA TAT GGT GTT TAC ACC CCA ACT TCG ACA GAA ACC GCT ACT GCT AGT ATG AAT GAT AAG AGC ACT CCT CAA GAC ACC AAT GTA AAC TCG CAA AGT AGG GAA AGA GGT AAA AAT GGT GAA AAT GAG CCA AAA TAT CAA AGA AAC AAG AAT AGA TCA AGT AAT CGC CCT CCT CAA TCC AAC CGC AAT TTC AAA GTC GAT ATT CCG AAT GAA GAT TTT GAC TTT CAA TCA AAT AAT GCA AAA TTC ACG AAA GGT GAT TCC ACT GAT GTG GAA AAA GAA AAA GAA TTA GAA TCA GCT GTT CAC AAG CAG GAT GAA TCT GAT GAG CAG TTT TAT AAT AAA AAA TCG TCT TTT TTC GAC ACC ATC TCC ACT TCT ACT GAA ACT AAT ACC AAT ATG AGA TGG CAA GAA GAA AAA ATG TTG AAC GTT GAC ACC TTT GGA CAA GCT TCT GCC AGA CCA AGA TTT CAC TCT AGA GGC CTC GGT CGT GGG CGT GGA AAT TAT AGG GGA AAC AGA GGA AAC AGA GGA AGA GGC GGC CAA CGT GGA AAC TAC CAA AAC AGA AAT AAC TAC CAA AAT GAT AGT GGC GCC TAT CAG AAC CAA AAC GAC TCG TAC AGC AGA CCA GCC AAC CAG TTT TCG CAA CCT CCT TCC AAC GTT GAA TTT	349	0.422159	0.223295	0.869318	0.166883	false	L4_longer	drop_stop	balanced	high_regularity	q4	100	0.193889	0.219334	true
